year,team,week_1,win_pct_1,home_team_1,opp_1,opp_win_pct_1,result_1,pf_1,pa_1,yds_1,opp_yds_1,tnf
2006.0,Miami Dolphins,12.0,0.4,0.0,Detroit Lions,0.2,1.0,27.0,10.0,395.0,220.0,1.0
2006.0,Miami Dolphins,13.0,0.45454545454545500,1.0,Jacksonville Jaguars,0.5454545454545450,0.0,10.0,24.0,309.0,353.0,0.0
2006.0,Baltimore Ravens,13.0,0.8181818181818180,0.0,Cincinnati Bengals,0.5454545454545450,0.0,7.0,13.0,316.0,294.0,1.0
2006.0,Baltimore Ravens,14.0,0.75,0.0,Kansas City Chiefs,0.5833333333333330,1.0,20.0,10.0,376.0,276.0,0.0
2006.0,Cincinnati Bengals,13.0,0.5454545454545450,1.0,Baltimore Ravens,0.8181818181818180,1.0,13.0,7.0,294.0,316.0,1.0
2006.0,Cincinnati Bengals,14.0,0.5833333333333330,1.0,Oakland Raiders,0.16666666666666700,1.0,27.0,10.0,439.0,223.0,0.0
2006.0,Pittsburgh Steelers,14.0,0.4166666666666670,1.0,Cleveland Browns,0.3333333333333330,1.0,27.0,7.0,528.0,294.0,1.0
2006.0,Pittsburgh Steelers,15.0,0.46153846153846200,0.0,Carolina Panthers,0.46153846153846200,1.0,37.0,3.0,306.0,240.0,0.0
2006.0,Cleveland Browns,14.0,0.3333333333333330,0.0,Pittsburgh Steelers,0.4166666666666670,0.0,7.0,27.0,294.0,528.0,1.0
2006.0,Cleveland Browns,15.0,0.3076923076923080,0.0,Baltimore Ravens,0.7692307692307690,0.0,17.0,27.0,236.0,373.0,0.0
2006.0,Kansas City Chiefs,12.0,0.6,1.0,Denver Broncos,0.7,1.0,19.0,10.0,382.0,244.0,1.0
2006.0,Kansas City Chiefs,13.0,0.6363636363636360,0.0,Cleveland Browns,0.2727272727272730,0.0,28.0,31.0,417.0,438.0,0.0
2006.0,Denver Broncos,12.0,0.7,0.0,Kansas City Chiefs,0.6,0.0,10.0,19.0,244.0,382.0,1.0
2006.0,Denver Broncos,13.0,0.6363636363636360,1.0,Seattle Seahawks,0.6363636363636360,0.0,20.0,23.0,302.0,270.0,0.0
2006.0,Dallas Cowboys,12.0,0.6,1.0,Tampa Bay Buccaneers,0.3,1.0,38.0,10.0,435.0,211.0,1.0
2006.0,Dallas Cowboys,13.0,0.6363636363636360,0.0,New York Giants,0.5454545454545450,1.0,23.0,20.0,365.0,396.0,0.0
2006.0,Detroit Lions,12.0,0.2,1.0,Miami Dolphins,0.4,0.0,10.0,27.0,220.0,395.0,1.0
2006.0,Detroit Lions,13.0,0.18181818181818200,0.0,New England Patriots,0.7272727272727270,0.0,21.0,28.0,361.0,363.0,0.0
2006.0,Tampa Bay Buccaneers,12.0,0.3,0.0,Dallas Cowboys,0.6,0.0,10.0,38.0,211.0,435.0,1.0
2006.0,Tampa Bay Buccaneers,13.0,0.2727272727272730,0.0,Pittsburgh Steelers,0.36363636363636400,0.0,3.0,20.0,254.0,267.0,0.0
2006.0,Seattle Seahawks,15.0,0.6153846153846150,1.0,San Francisco 49ers,0.38461538461538500,0.0,14.0,24.0,300.0,390.0,1.0
2006.0,Seattle Seahawks,16.0,0.5714285714285710,1.0,San Diego Chargers,0.8571428571428570,0.0,17.0,20.0,314.0,340.0,0.0
2006.0,San Francisco 49ers,15.0,0.38461538461538500,0.0,Seattle Seahawks,0.6153846153846150,1.0,24.0,14.0,390.0,300.0,1.0
2006.0,San Francisco 49ers,16.0,0.42857142857142900,1.0,Arizona Cardinals,0.2857142857142860,0.0,20.0,26.0,223.0,372.0,0.0
2007.0,New York Jets,12.0,0.2,0.0,Dallas Cowboys,0.9,0.0,3.0,34.0,180.0,344.0,1.0
2007.0,New York Jets,13.0,0.18181818181818200,0.0,Miami Dolphins,0.0,1.0,40.0,13.0,372.0,187.0,0.0
2007.0,Pittsburgh Steelers,16.0,0.6428571428571430,0.0,St. Louis Rams,0.21428571428571400,1.0,41.0,24.0,425.0,316.0,1.0
2007.0,Pittsburgh Steelers,17.0,0.6666666666666670,0.0,Baltimore Ravens,0.26666666666666700,0.0,21.0,27.0,264.0,334.0,0.0
2007.0,Indianapolis Colts,12.0,0.8,0.0,Atlanta Falcons,0.3,1.0,31.0,13.0,365.0,250.0,1.0
2007.0,Indianapolis Colts,13.0,0.8181818181818180,1.0,Jacksonville Jaguars,0.7272727272727270,1.0,28.0,25.0,342.0,411.0,0.0
2007.0,Houston Texans,15.0,0.46153846153846200,1.0,Denver Broncos,0.46153846153846200,1.0,31.0,13.0,358.0,308.0,1.0
2007.0,Houston Texans,16.0,0.5,0.0,Indianapolis Colts,0.8571428571428570,0.0,15.0,38.0,299.0,458.0,0.0
2007.0,Denver Broncos,15.0,0.46153846153846200,0.0,Houston Texans,0.46153846153846200,0.0,13.0,31.0,308.0,358.0,1.0
2007.0,Denver Broncos,16.0,0.42857142857142900,0.0,San Diego Chargers,0.6428571428571430,0.0,3.0,23.0,225.0,334.0,0.0
2007.0,Washington Redskins,14.0,0.4166666666666670,1.0,Chicago Bears,0.4166666666666670,1.0,24.0,16.0,345.0,356.0,1.0
2007.0,Washington Redskins,15.0,0.46153846153846200,0.0,New York Giants,0.6923076923076920,1.0,22.0,10.0,309.0,307.0,0.0
2007.0,Detroit Lions,12.0,0.6,1.0,Green Bay Packers,0.9,0.0,26.0,37.0,331.0,481.0,1.0
2007.0,Detroit Lions,13.0,0.5454545454545450,0.0,Minnesota Vikings,0.45454545454545500,0.0,10.0,42.0,253.0,443.0,0.0
2007.0,Chicago Bears,14.0,0.4166666666666670,0.0,Washington Redskins,0.4166666666666670,0.0,16.0,24.0,356.0,345.0,1.0
2007.0,Chicago Bears,15.0,0.38461538461538500,0.0,Minnesota Vikings,0.5384615384615380,0.0,13.0,20.0,209.0,372.0,0.0
2007.0,Atlanta Falcons,12.0,0.3,1.0,Indianapolis Colts,0.8,0.0,13.0,31.0,250.0,365.0,1.0
2007.0,Atlanta Falcons,13.0,0.2727272727272730,0.0,St. Louis Rams,0.18181818181818200,0.0,16.0,28.0,435.0,409.0,0.0
2008.0,New England Patriots,11.0,0.6666666666666670,1.0,New York Jets,0.6666666666666670,0.0,31.0,34.0,511.0,375.0,1.0
2008.0,New England Patriots,12.0,0.6,0.0,Miami Dolphins,0.6,1.0,48.0,28.0,530.0,392.0,0.0
2008.0,New York Jets,11.0,0.6666666666666670,0.0,New England Patriots,0.6666666666666670,1.0,34.0,31.0,375.0,511.0,1.0
2008.0,New York Jets,12.0,0.7,0.0,Tennessee Titans,1.0,1.0,34.0,13.0,409.0,281.0,0.0
2008.0,Pittsburgh Steelers,12.0,0.7,1.0,Cincinnati Bengals,0.1,1.0,27.0,10.0,364.0,208.0,1.0
2008.0,Pittsburgh Steelers,13.0,0.7272727272727270,0.0,New England Patriots,0.6363636363636360,1.0,33.0,10.0,333.0,267.0,0.0
2008.0,Cincinnati Bengals,12.0,0.1,0.0,Pittsburgh Steelers,0.7,0.0,10.0,27.0,208.0,364.0,1.0
2008.0,Cincinnati Bengals,13.0,0.1,1.0,Baltimore Ravens,0.6363636363636360,0.0,3.0,34.0,155.0,451.0,0.0
2008.0,Cleveland Browns,10.0,0.375,1.0,Denver Broncos,0.5,0.0,30.0,34.0,399.0,564.0,1.0
2008.0,Cleveland Browns,11.0,0.3333333333333330,0.0,Buffalo Bills,0.5555555555555560,1.0,29.0,27.0,337.0,334.0,0.0
2008.0,Tennessee Titans,13.0,0.9090909090909090,0.0,Detroit Lions,0.0,1.0,47.0,10.0,456.0,154.0,1.0
2008.0,Tennessee Titans,14.0,0.9166666666666670,1.0,Cleveland Browns,0.3333333333333330,1.0,28.0,9.0,390.0,178.0,0.0
2008.0,Indianapolis Colts,16.0,0.7142857142857140,0.0,Jacksonville Jaguars,0.35714285714285700,1.0,31.0,24.0,396.0,409.0,1.0
2008.0,Indianapolis Colts,17.0,0.7333333333333330,1.0,Tennessee Titans,0.8666666666666670,1.0,23.0,0.0,390.0,125.0,0.0
2008.0,San Diego Chargers,14.0,0.3333333333333330,1.0,Oakland Raiders,0.25,1.0,34.0,7.0,372.0,163.0,1.0
2008.0,San Diego Chargers,15.0,0.38461538461538500,0.0,Kansas City Chiefs,0.15384615384615400,1.0,22.0,21.0,394.0,277.0,0.0
2008.0,Denver Broncos,10.0,0.5,0.0,Cleveland Browns,0.375,1.0,34.0,30.0,564.0,399.0,1.0
2008.0,Denver Broncos,11.0,0.5555555555555560,0.0,Atlanta Falcons,0.6666666666666670,1.0,24.0,20.0,332.0,364.0,0.0
2008.0,Oakland Raiders,14.0,0.25,0.0,San Diego Chargers,0.3333333333333330,0.0,7.0,34.0,163.0,372.0,1.0
2008.0,Oakland Raiders,15.0,0.23076923076923100,1.0,New England Patriots,0.6153846153846150,0.0,26.0,49.0,334.0,487.0,0.0
2008.0,Philadelphia Eagles,13.0,0.45454545454545500,1.0,Arizona Cardinals,0.6363636363636360,1.0,48.0,20.0,437.0,260.0,1.0
2008.0,Philadelphia Eagles,14.0,0.5454545454545450,0.0,New York Giants,0.9166666666666670,1.0,20.0,14.0,331.0,211.0,0.0
2008.0,Dallas Cowboys,13.0,0.6363636363636360,1.0,Seattle Seahawks,0.18181818181818200,1.0,34.0,9.0,447.0,322.0,1.0
2008.0,Dallas Cowboys,14.0,0.6666666666666670,0.0,Pittsburgh Steelers,0.75,0.0,13.0,20.0,289.0,238.0,0.0
2008.0,Chicago Bears,15.0,0.5384615384615380,1.0,New Orleans Saints,0.5384615384615380,1.0,27.0,24.0,226.0,345.0,1.0
2008.0,Chicago Bears,16.0,0.5714285714285710,1.0,Green Bay Packers,0.35714285714285700,1.0,20.0,17.0,210.0,325.0,0.0
2008.0,Detroit Lions,13.0,0.0,1.0,Tennessee Titans,0.9090909090909090,0.0,10.0,47.0,154.0,456.0,1.0
2008.0,Detroit Lions,14.0,0.0,1.0,Minnesota Vikings,0.5833333333333330,0.0,16.0,20.0,268.0,301.0,0.0
2008.0,New Orleans Saints,15.0,0.5384615384615380,0.0,Chicago Bears,0.5384615384615380,0.0,24.0,27.0,345.0,226.0,1.0
2008.0,New Orleans Saints,16.0,0.5,0.0,Detroit Lions,0.0,1.0,42.0,7.0,532.0,255.0,0.0
2008.0,Arizona Cardinals,13.0,0.6363636363636360,0.0,Philadelphia Eagles,0.45454545454545500,0.0,20.0,48.0,260.0,437.0,1.0
2008.0,Arizona Cardinals,14.0,0.5833333333333330,1.0,St. Louis Rams,0.16666666666666700,1.0,34.0,10.0,335.0,308.0,0.0
2008.0,Seattle Seahawks,13.0,0.18181818181818200,0.0,Dallas Cowboys,0.6363636363636360,0.0,9.0,34.0,322.0,447.0,1.0
2008.0,Seattle Seahawks,14.0,0.16666666666666700,1.0,New England Patriots,0.5833333333333330,0.0,21.0,24.0,339.0,344.0,0.0
2009.0,New York Jets,13.0,0.45454545454545500,0.0,Buffalo Bills,0.36363636363636400,1.0,19.0,13.0,331.0,194.0,1.0
2009.0,New York Jets,14.0,0.5,0.0,Tampa Bay Buccaneers,0.08333333333333330,1.0,26.0,3.0,310.0,124.0,0.0
2009.0,Miami Dolphins,11.0,0.4444444444444440,0.0,Carolina Panthers,0.4444444444444440,1.0,24.0,17.0,326.0,383.0,1.0
2009.0,Miami Dolphins,12.0,0.5,0.0,Buffalo Bills,0.3,0.0,14.0,31.0,325.0,336.0,0.0
2009.0,Buffalo Bills,13.0,0.36363636363636400,1.0,New York Jets,0.45454545454545500,0.0,13.0,19.0,194.0,331.0,1.0
2009.0,Buffalo Bills,14.0,0.3333333333333330,0.0,Kansas City Chiefs,0.25,1.0,16.0,10.0,273.0,354.0,0.0
2009.0,Pittsburgh Steelers,14.0,0.5,0.0,Cleveland Browns,0.08333333333333330,0.0,6.0,13.0,218.0,255.0,1.0
2009.0,Pittsburgh Steelers,15.0,0.46153846153846200,1.0,Green Bay Packers,0.6923076923076920,1.0,37.0,36.0,537.0,436.0,0.0
2009.0,Cleveland Browns,14.0,0.08333333333333330,1.0,Pittsburgh Steelers,0.5,1.0,13.0,6.0,255.0,218.0,1.0
2009.0,Cleveland Browns,15.0,0.15384615384615400,0.0,Kansas City Chiefs,0.23076923076923100,1.0,41.0,34.0,417.0,491.0,0.0
2009.0,Indianapolis Colts,15.0,1.0,0.0,Jacksonville Jaguars,0.5384615384615380,1.0,35.0,31.0,369.0,345.0,1.0
2009.0,Indianapolis Colts,16.0,1.0,1.0,New York Jets,0.5,0.0,15.0,29.0,286.0,293.0,0.0
2009.0,Jacksonville Jaguars,15.0,0.5384615384615380,1.0,Indianapolis Colts,1.0,0.0,31.0,35.0,345.0,369.0,1.0
2009.0,Jacksonville Jaguars,16.0,0.5,0.0,New England Patriots,0.6428571428571430,0.0,7.0,35.0,275.0,464.0,0.0
2009.0,Denver Broncos,12.0,0.6,1.0,New York Giants,0.6,1.0,26.0,6.0,373.0,267.0,1.0
2009.0,Denver Broncos,13.0,0.6363636363636360,0.0,Kansas City Chiefs,0.2727272727272730,1.0,44.0,13.0,413.0,222.0,0.0
2009.0,Oakland Raiders,12.0,0.3,0.0,Dallas Cowboys,0.7,0.0,7.0,24.0,305.0,494.0,1.0
2009.0,Oakland Raiders,13.0,0.2727272727272730,0.0,Pittsburgh Steelers,0.5454545454545450,1.0,27.0,24.0,396.0,401.0,0.0
2009.0,Dallas Cowboys,12.0,0.7,1.0,Oakland Raiders,0.3,1.0,24.0,7.0,494.0,305.0,1.0
2009.0,Dallas Cowboys,13.0,0.7272727272727270,0.0,New York Giants,0.5454545454545450,0.0,24.0,31.0,424.0,337.0,0.0
2009.0,New York Giants,12.0,0.6,0.0,Denver Broncos,0.6,0.0,6.0,26.0,267.0,373.0,1.0
2009.0,New York Giants,13.0,0.5454545454545450,1.0,Dallas Cowboys,0.7272727272727270,1.0,31.0,24.0,337.0,424.0,0.0
2009.0,Green Bay Packers,12.0,0.6,0.0,Detroit Lions,0.2,1.0,34.0,12.0,422.0,272.0,1.0
2009.0,Green Bay Packers,13.0,0.6363636363636360,1.0,Baltimore Ravens,0.5454545454545450,1.0,27.0,14.0,350.0,185.0,0.0
2009.0,Chicago Bears,10.0,0.5,0.0,San Francisco 49ers,0.375,0.0,6.0,10.0,350.0,216.0,1.0
2009.0,Chicago Bears,11.0,0.4444444444444440,1.0,Philadelphia Eagles,0.5555555555555560,0.0,20.0,24.0,284.0,377.0,0.0
2009.0,Detroit Lions,12.0,0.2,1.0,Green Bay Packers,0.6,0.0,12.0,34.0,272.0,422.0,1.0
2009.0,Detroit Lions,13.0,0.18181818181818200,0.0,Cincinnati Bengals,0.7272727272727270,0.0,13.0,23.0,245.0,321.0,0.0
2009.0,Carolina Panthers,11.0,0.4444444444444440,1.0,Miami Dolphins,0.4444444444444440,0.0,17.0,24.0,383.0,326.0,1.0
2009.0,Carolina Panthers,12.0,0.4,0.0,New York Jets,0.4,0.0,6.0,17.0,179.0,283.0,0.0
2009.0,San Francisco 49ers,10.0,0.375,1.0,Chicago Bears,0.5,1.0,10.0,6.0,216.0,350.0,1.0
2009.0,San Francisco 49ers,11.0,0.4444444444444440,0.0,Green Bay Packers,0.5555555555555560,0.0,24.0,30.0,284.0,484.0,0.0
2010.0,New England Patriots,12.0,0.8,0.0,Detroit Lions,0.2,1.0,45.0,24.0,447.0,406.0,1.0
2010.0,New England Patriots,13.0,0.8181818181818180,1.0,New York Jets,0.8181818181818180,1.0,45.0,3.0,405.0,301.0,0.0
2010.0,New York Jets,12.0,0.8,1.0,Cincinnati Bengals,0.2,1.0,26.0,10.0,319.0,163.0,1.0
2010.0,New York Jets,13.0,0.8181818181818180,0.0,New England Patriots,0.8181818181818180,0.0,3.0,45.0,301.0,405.0,0.0
2010.0,Miami Dolphins,11.0,0.5555555555555560,1.0,Chicago Bears,0.6666666666666670,0.0,0.0,16.0,187.0,268.0,1.0
2010.0,Miami Dolphins,12.0,0.5,0.0,Oakland Raiders,0.5,1.0,33.0,17.0,471.0,263.0,0.0
2010.0,Pittsburgh Steelers,16.0,0.7142857142857140,1.0,Carolina Panthers,0.14285714285714300,1.0,27.0,3.0,408.0,119.0,1.0
2010.0,Pittsburgh Steelers,17.0,0.7333333333333330,0.0,Cleveland Browns,0.3333333333333330,1.0,41.0,9.0,418.0,225.0,0.0
2010.0,Baltimore Ravens,10.0,0.75,0.0,Atlanta Falcons,0.75,0.0,21.0,26.0,320.0,362.0,1.0
2010.0,Baltimore Ravens,11.0,0.6666666666666670,0.0,Carolina Panthers,0.1111111111111110,1.0,37.0,13.0,378.0,270.0,0.0
2010.0,Cincinnati Bengals,12.0,0.2,0.0,New York Jets,0.8,0.0,10.0,26.0,163.0,319.0,1.0
2010.0,Cincinnati Bengals,13.0,0.18181818181818200,1.0,New Orleans Saints,0.7272727272727270,0.0,30.0,34.0,311.0,436.0,0.0
2010.0,Indianapolis Colts,14.0,0.5,0.0,Tennessee Titans,0.4166666666666670,1.0,30.0,28.0,399.0,365.0,1.0
2010.0,Indianapolis Colts,15.0,0.5384615384615380,1.0,Jacksonville Jaguars,0.6153846153846150,1.0,34.0,24.0,376.0,356.0,0.0
2010.0,Houston Texans,13.0,0.45454545454545500,0.0,Philadelphia Eagles,0.6363636363636360,0.0,24.0,34.0,431.0,416.0,1.0
2010.0,Houston Texans,14.0,0.4166666666666670,1.0,Baltimore Ravens,0.6666666666666670,0.0,28.0,34.0,489.0,253.0,0.0
2010.0,Tennessee Titans,14.0,0.4166666666666670,1.0,Indianapolis Colts,0.5,0.0,28.0,30.0,365.0,399.0,1.0
2010.0,Tennessee Titans,15.0,0.38461538461538500,1.0,Houston Texans,0.38461538461538500,1.0,31.0,17.0,359.0,323.0,0.0
2010.0,San Diego Chargers,15.0,0.5384615384615380,1.0,San Francisco 49ers,0.38461538461538500,1.0,34.0,7.0,374.0,192.0,1.0
2010.0,San Diego Chargers,16.0,0.5714285714285710,0.0,Cincinnati Bengals,0.21428571428571400,0.0,20.0,34.0,313.0,371.0,0.0
2010.0,Philadelphia Eagles,13.0,0.6363636363636360,1.0,Houston Texans,0.45454545454545500,1.0,34.0,24.0,416.0,431.0,1.0
2010.0,Philadelphia Eagles,14.0,0.6666666666666670,0.0,Dallas Cowboys,0.3333333333333330,1.0,30.0,27.0,429.0,349.0,0.0
2010.0,Dallas Cowboys,12.0,0.3,1.0,New Orleans Saints,0.7,0.0,27.0,30.0,457.0,414.0,1.0
2010.0,Dallas Cowboys,13.0,0.2727272727272730,0.0,Indianapolis Colts,0.5454545454545450,1.0,38.0,35.0,368.0,405.0,0.0
2010.0,Chicago Bears,11.0,0.6666666666666670,0.0,Miami Dolphins,0.5555555555555560,1.0,16.0,0.0,268.0,187.0,1.0
2010.0,Chicago Bears,12.0,0.7,1.0,Philadelphia Eagles,0.7,1.0,31.0,26.0,349.0,398.0,0.0
2010.0,Detroit Lions,12.0,0.2,1.0,New England Patriots,0.8,0.0,24.0,45.0,406.0,447.0,1.0
2010.0,Detroit Lions,13.0,0.18181818181818200,1.0,Chicago Bears,0.7272727272727270,0.0,20.0,24.0,302.0,311.0,0.0
2010.0,Atlanta Falcons,10.0,0.75,1.0,Baltimore Ravens,0.75,1.0,26.0,21.0,362.0,320.0,1.0
2010.0,Atlanta Falcons,11.0,0.7777777777777780,0.0,St. Louis Rams,0.4444444444444440,1.0,34.0,17.0,391.0,304.0,0.0
2010.0,New Orleans Saints,12.0,0.7,0.0,Dallas Cowboys,0.3,1.0,30.0,27.0,414.0,457.0,1.0
2010.0,New Orleans Saints,13.0,0.7272727272727270,0.0,Cincinnati Bengals,0.18181818181818200,1.0,34.0,30.0,436.0,311.0,0.0
2010.0,San Francisco 49ers,15.0,0.38461538461538500,0.0,San Diego Chargers,0.5384615384615380,0.0,7.0,34.0,192.0,374.0,1.0
2010.0,San Francisco 49ers,16.0,0.35714285714285700,0.0,St. Louis Rams,0.42857142857142900,0.0,17.0,25.0,331.0,335.0,0.0
2011.0,New York Jets,11.0,0.5555555555555560,0.0,Denver Broncos,0.4444444444444440,0.0,13.0,17.0,318.0,229.0,1.0
2011.0,New York Jets,12.0,0.5,1.0,Buffalo Bills,0.5,1.0,28.0,24.0,318.0,336.0,0.0
2011.0,Miami Dolphins,12.0,0.3,0.0,Dallas Cowboys,0.6,0.0,19.0,20.0,352.0,303.0,1.0
2011.0,Miami Dolphins,13.0,0.2727272727272730,1.0,Oakland Raiders,0.6363636363636360,1.0,34.0,14.0,362.0,304.0,0.0
2011.0,Baltimore Ravens,12.0,0.7,1.0,San Francisco 49ers,0.9,1.0,16.0,6.0,253.0,170.0,1.0
2011.0,Baltimore Ravens,13.0,0.7272727272727270,0.0,Cleveland Browns,0.36363636363636400,1.0,24.0,10.0,448.0,233.0,0.0
2011.0,Pittsburgh Steelers,14.0,0.75,1.0,Cleveland Browns,0.3333333333333330,1.0,14.0,3.0,416.0,304.0,1.0
2011.0,Pittsburgh Steelers,15.0,0.7692307692307690,0.0,San Francisco 49ers,0.7692307692307690,0.0,3.0,20.0,389.0,287.0,0.0
2011.0,Cleveland Browns,14.0,0.3333333333333330,0.0,Pittsburgh Steelers,0.75,0.0,3.0,14.0,304.0,416.0,1.0
2011.0,Cleveland Browns,15.0,0.3076923076923080,0.0,Arizona Cardinals,0.46153846153846200,0.0,17.0,20.0,333.0,363.0,0.0
2011.0,Houston Texans,16.0,0.7142857142857140,0.0,Indianapolis Colts,0.07142857142857140,0.0,16.0,19.0,283.0,320.0,1.0
2011.0,Houston Texans,17.0,0.6666666666666670,1.0,Tennessee Titans,0.5333333333333330,0.0,22.0,23.0,387.0,361.0,0.0
2011.0,Jacksonville Jaguars,15.0,0.3076923076923080,0.0,Atlanta Falcons,0.6153846153846150,0.0,14.0,41.0,207.0,373.0,1.0
2011.0,Jacksonville Jaguars,16.0,0.2857142857142860,0.0,Tennessee Titans,0.5,0.0,17.0,23.0,300.0,407.0,0.0
2011.0,Denver Broncos,11.0,0.4444444444444440,1.0,New York Jets,0.5555555555555560,1.0,17.0,13.0,229.0,318.0,1.0
2011.0,Denver Broncos,12.0,0.5,0.0,San Diego Chargers,0.4,1.0,16.0,13.0,349.0,344.0,0.0
2011.0,San Diego Chargers,10.0,0.5,1.0,Oakland Raiders,0.5,0.0,17.0,24.0,314.0,489.0,1.0
2011.0,San Diego Chargers,11.0,0.4444444444444440,0.0,Chicago Bears,0.6666666666666670,0.0,20.0,31.0,332.0,378.0,0.0
2011.0,Oakland Raiders,10.0,0.5,0.0,San Diego Chargers,0.5,1.0,24.0,17.0,489.0,314.0,1.0
2011.0,Oakland Raiders,11.0,0.5555555555555560,0.0,Minnesota Vikings,0.2222222222222220,1.0,27.0,21.0,301.0,311.0,0.0
2011.0,Philadelphia Eagles,13.0,0.36363636363636400,0.0,Seattle Seahawks,0.36363636363636400,0.0,14.0,31.0,330.0,347.0,1.0
2011.0,Philadelphia Eagles,14.0,0.3333333333333330,0.0,Miami Dolphins,0.3333333333333330,1.0,26.0,10.0,239.0,204.0,0.0
2011.0,Dallas Cowboys,12.0,0.6,1.0,Miami Dolphins,0.3,1.0,20.0,19.0,303.0,352.0,1.0
2011.0,Dallas Cowboys,13.0,0.6363636363636360,0.0,Arizona Cardinals,0.36363636363636400,0.0,13.0,19.0,336.0,327.0,0.0
2011.0,Green Bay Packers,12.0,1.0,0.0,Detroit Lions,0.7,1.0,27.0,15.0,349.0,409.0,1.0
2011.0,Green Bay Packers,13.0,1.0,0.0,New York Giants,0.5454545454545450,1.0,38.0,35.0,449.0,447.0,0.0
2011.0,Detroit Lions,12.0,0.7,1.0,Green Bay Packers,1.0,0.0,15.0,27.0,409.0,349.0,1.0
2011.0,Detroit Lions,13.0,0.6363636363636360,0.0,New Orleans Saints,0.7272727272727270,0.0,17.0,31.0,466.0,438.0,0.0
2011.0,Atlanta Falcons,15.0,0.6153846153846150,1.0,Jacksonville Jaguars,0.3076923076923080,1.0,41.0,14.0,373.0,207.0,1.0
2011.0,Atlanta Falcons,16.0,0.6428571428571430,0.0,New Orleans Saints,0.7857142857142860,0.0,16.0,45.0,469.0,463.0,0.0
2011.0,San Francisco 49ers,12.0,0.9,0.0,Baltimore Ravens,0.7,0.0,6.0,16.0,170.0,253.0,1.0
2011.0,San Francisco 49ers,13.0,0.8181818181818180,1.0,St. Louis Rams,0.18181818181818200,1.0,26.0,0.0,389.0,157.0,0.0
2011.0,Seattle Seahawks,13.0,0.36363636363636400,1.0,Philadelphia Eagles,0.36363636363636400,1.0,31.0,14.0,347.0,330.0,1.0
2011.0,Seattle Seahawks,14.0,0.4166666666666670,1.0,St. Louis Rams,0.16666666666666700,1.0,30.0,13.0,359.0,281.0,0.0
2012.0,New England Patriots,12.0,0.7,0.0,New York Jets,0.4,1.0,49.0,19.0,475.0,405.0,1.0
2012.0,New England Patriots,13.0,0.7272727272727270,0.0,Miami Dolphins,0.45454545454545500,1.0,23.0,16.0,321.0,277.0,0.0
2012.0,Miami Dolphins,11.0,0.4444444444444440,0.0,Buffalo Bills,0.3333333333333330,0.0,14.0,19.0,184.0,281.0,1.0
2012.0,Miami Dolphins,12.0,0.4,1.0,Seattle Seahawks,0.6,1.0,24.0,21.0,435.0,312.0,0.0
2012.0,New York Jets,12.0,0.4,1.0,New England Patriots,0.7,0.0,19.0,49.0,405.0,475.0,1.0
2012.0,New York Jets,13.0,0.36363636363636400,1.0,Arizona Cardinals,0.36363636363636400,1.0,7.0,6.0,289.0,137.0,0.0
2012.0,Buffalo Bills,11.0,0.3333333333333330,1.0,Miami Dolphins,0.4444444444444440,1.0,19.0,14.0,281.0,184.0,1.0
2012.0,Buffalo Bills,12.0,0.4,0.0,Indianapolis Colts,0.6,0.0,13.0,20.0,304.0,312.0,0.0
2012.0,Baltimore Ravens,4.0,0.6666666666666670,1.0,Cleveland Browns,0.0,1.0,23.0,16.0,438.0,357.0,1.0
2012.0,Baltimore Ravens,5.0,0.75,0.0,Kansas City Chiefs,0.25,1.0,9.0,6.0,298.0,338.0,0.0
2012.0,Cincinnati Bengals,15.0,0.5384615384615380,0.0,Philadelphia Eagles,0.3076923076923080,1.0,34.0,13.0,249.0,219.0,1.0
2012.0,Cincinnati Bengals,16.0,0.5714285714285710,0.0,Pittsburgh Steelers,0.5,1.0,13.0,10.0,267.0,280.0,0.0
2012.0,Pittsburgh Steelers,6.0,0.5,0.0,Tennessee Titans,0.2,0.0,23.0,26.0,412.0,359.0,1.0
2012.0,Pittsburgh Steelers,7.0,0.4,0.0,Cincinnati Bengals,0.5,1.0,24.0,17.0,431.0,185.0,0.0
2012.0,Cleveland Browns,4.0,0.0,0.0,Baltimore Ravens,0.6666666666666670,0.0,16.0,23.0,357.0,438.0,1.0
2012.0,Cleveland Browns,5.0,0.0,0.0,New York Giants,0.5,0.0,27.0,41.0,375.0,502.0,0.0
2012.0,Houston Texans,12.0,0.9,0.0,Detroit Lions,0.4,1.0,34.0,31.0,501.0,525.0,1.0
2012.0,Houston Texans,13.0,0.9090909090909090,0.0,Tennessee Titans,0.36363636363636400,1.0,24.0,10.0,331.0,354.0,0.0
2012.0,Indianapolis Colts,10.0,0.625,0.0,Jacksonville Jaguars,0.125,1.0,27.0,10.0,359.0,337.0,1.0
2012.0,Indianapolis Colts,11.0,0.6666666666666670,0.0,New England Patriots,0.6666666666666670,0.0,24.0,59.0,448.0,446.0,0.0
2012.0,Tennessee Titans,6.0,0.2,1.0,Pittsburgh Steelers,0.5,1.0,26.0,23.0,359.0,412.0,1.0
2012.0,Tennessee Titans,7.0,0.3333333333333330,0.0,Buffalo Bills,0.5,1.0,35.0,34.0,390.0,382.0,0.0
2012.0,Jacksonville Jaguars,10.0,0.125,1.0,Indianapolis Colts,0.625,0.0,10.0,27.0,337.0,359.0,1.0
2012.0,Jacksonville Jaguars,11.0,0.1111111111111110,0.0,Houston Texans,0.8888888888888890,0.0,37.0,43.0,458.0,653.0,0.0
2012.0,Denver Broncos,14.0,0.75,0.0,Oakland Raiders,0.25,1.0,26.0,13.0,428.0,324.0,1.0
2012.0,Denver Broncos,15.0,0.7692307692307690,0.0,Baltimore Ravens,0.6923076923076920,1.0,34.0,17.0,350.0,278.0,0.0
2012.0,San Diego Chargers,9.0,0.42857142857142900,1.0,Kansas City Chiefs,0.14285714285714300,1.0,31.0,13.0,339.0,289.0,1.0
2012.0,San Diego Chargers,10.0,0.5,0.0,Tampa Bay Buccaneers,0.5,0.0,24.0,34.0,426.0,279.0,0.0
2012.0,Oakland Raiders,14.0,0.25,1.0,Denver Broncos,0.75,0.0,13.0,26.0,324.0,428.0,1.0
2012.0,Oakland Raiders,15.0,0.23076923076923100,1.0,Kansas City Chiefs,0.15384615384615400,1.0,15.0,0.0,385.0,119.0,0.0
2012.0,Kansas City Chiefs,9.0,0.14285714285714300,0.0,San Diego Chargers,0.42857142857142900,0.0,13.0,31.0,289.0,339.0,1.0
2012.0,Kansas City Chiefs,10.0,0.125,0.0,Pittsburgh Steelers,0.625,0.0,13.0,16.0,290.0,249.0,0.0
2012.0,Washington Redskins,12.0,0.4,0.0,Dallas Cowboys,0.5,1.0,38.0,31.0,437.0,458.0,1.0
2012.0,Washington Redskins,13.0,0.45454545454545500,1.0,New York Giants,0.6363636363636360,1.0,17.0,16.0,370.0,390.0,0.0
2012.0,New York Giants,3.0,0.5,0.0,Carolina Panthers,0.5,1.0,36.0,7.0,405.0,327.0,1.0
2012.0,New York Giants,4.0,0.6666666666666670,0.0,Philadelphia Eagles,0.6666666666666670,0.0,17.0,19.0,366.0,422.0,0.0
2012.0,Dallas Cowboys,12.0,0.5,1.0,Washington Redskins,0.4,0.0,31.0,38.0,458.0,437.0,1.0
2012.0,Dallas Cowboys,13.0,0.45454545454545500,1.0,Philadelphia Eagles,0.2727272727272730,1.0,38.0,33.0,417.0,423.0,0.0
2012.0,Philadelphia Eagles,15.0,0.3076923076923080,1.0,Cincinnati Bengals,0.5384615384615380,0.0,13.0,34.0,219.0,249.0,1.0
2012.0,Philadelphia Eagles,16.0,0.2857142857142860,1.0,Washington Redskins,0.5714285714285710,0.0,20.0,27.0,411.0,313.0,0.0
2012.0,Green Bay Packers,2.0,0.0,1.0,Chicago Bears,1.0,1.0,23.0,10.0,321.0,168.0,1.0
2012.0,Green Bay Packers,3.0,0.5,0.0,Seattle Seahawks,0.5,0.0,12.0,14.0,268.0,238.0,0.0
2012.0,Minnesota Vikings,8.0,0.7142857142857140,1.0,Tampa Bay Buccaneers,0.3333333333333330,0.0,17.0,36.0,369.0,416.0,1.0
2012.0,Minnesota Vikings,9.0,0.625,0.0,Seattle Seahawks,0.5,0.0,20.0,30.0,287.0,385.0,0.0
2012.0,Chicago Bears,2.0,1.0,0.0,Green Bay Packers,0.0,0.0,10.0,23.0,168.0,321.0,1.0
2012.0,Chicago Bears,3.0,0.5,1.0,St. Louis Rams,0.5,1.0,23.0,6.0,274.0,160.0,0.0
2012.0,Detroit Lions,12.0,0.4,1.0,Houston Texans,0.9,0.0,31.0,34.0,525.0,501.0,1.0
2012.0,Detroit Lions,13.0,0.36363636363636400,1.0,Indianapolis Colts,0.6363636363636360,0.0,33.0,35.0,451.0,459.0,0.0
2012.0,Atlanta Falcons,13.0,0.9090909090909090,1.0,New Orleans Saints,0.45454545454545500,1.0,23.0,13.0,283.0,436.0,1.0
2012.0,Atlanta Falcons,14.0,0.9166666666666670,0.0,Carolina Panthers,0.25,0.0,20.0,30.0,362.0,475.0,0.0
2012.0,Carolina Panthers,3.0,0.5,1.0,New York Giants,0.5,0.0,7.0,36.0,327.0,405.0,1.0
2012.0,Carolina Panthers,4.0,0.3333333333333330,0.0,Atlanta Falcons,1.0,0.0,28.0,30.0,404.0,426.0,0.0
2012.0,New Orleans Saints,13.0,0.45454545454545500,0.0,Atlanta Falcons,0.9090909090909090,0.0,13.0,23.0,436.0,283.0,1.0
2012.0,New Orleans Saints,14.0,0.4166666666666670,0.0,New York Giants,0.5833333333333330,0.0,27.0,52.0,487.0,394.0,0.0
2012.0,Tampa Bay Buccaneers,8.0,0.3333333333333330,0.0,Minnesota Vikings,0.7142857142857140,1.0,36.0,17.0,416.0,369.0,1.0
2012.0,Tampa Bay Buccaneers,9.0,0.42857142857142900,0.0,Oakland Raiders,0.42857142857142900,1.0,42.0,32.0,515.0,424.0,0.0
2012.0,San Francisco 49ers,7.0,0.6666666666666670,1.0,Seattle Seahawks,0.6666666666666670,1.0,13.0,6.0,313.0,251.0,1.0
2012.0,San Francisco 49ers,8.0,0.7142857142857140,0.0,Arizona Cardinals,0.5714285714285710,1.0,24.0,3.0,317.0,265.0,0.0
2012.0,Seattle Seahawks,7.0,0.6666666666666670,0.0,San Francisco 49ers,0.6666666666666670,0.0,6.0,13.0,251.0,313.0,1.0
2012.0,Seattle Seahawks,8.0,0.5714285714285710,0.0,Detroit Lions,0.3333333333333330,0.0,24.0,28.0,369.0,415.0,0.0
2012.0,St. Louis Rams,5.0,0.5,1.0,Arizona Cardinals,1.0,1.0,17.0,3.0,242.0,282.0,1.0
2012.0,St. Louis Rams,6.0,0.6,0.0,Miami Dolphins,0.4,0.0,14.0,17.0,462.0,192.0,0.0
2012.0,Arizona Cardinals,5.0,1.0,0.0,St. Louis Rams,0.5,0.0,3.0,17.0,282.0,242.0,1.0
2012.0,Arizona Cardinals,6.0,0.8,1.0,Buffalo Bills,0.4,0.0,16.0,19.0,332.0,306.0,0.0
2013.0,New England Patriots,2.0,1.0,1.0,New York Jets,1.0,1.0,13.0,10.0,232.0,318.0,1.0
2013.0,New England Patriots,3.0,1.0,1.0,Tampa Bay Buccaneers,0.0,1.0,23.0,3.0,358.0,323.0,0.0
2013.0,New York Jets,2.0,1.0,0.0,New England Patriots,1.0,0.0,10.0,13.0,318.0,232.0,1.0
2013.0,New York Jets,3.0,0.5,1.0,Buffalo Bills,0.5,1.0,27.0,20.0,513.0,328.0,0.0
2013.0,Miami Dolphins,9.0,0.42857142857142900,1.0,Cincinnati Bengals,0.75,1.0,22.0,20.0,345.0,465.0,1.0
2013.0,Miami Dolphins,10.0,0.5,0.0,Tampa Bay Buccaneers,0.0,0.0,19.0,22.0,213.0,264.0,0.0
2013.0,Buffalo Bills,5.0,0.5,0.0,Cleveland Browns,0.5,0.0,24.0,37.0,343.0,290.0,1.0
2013.0,Buffalo Bills,6.0,0.4,1.0,Cincinnati Bengals,0.6,0.0,24.0,27.0,322.0,483.0,0.0
2013.0,Cincinnati Bengals,9.0,0.75,0.0,Miami Dolphins,0.42857142857142900,0.0,20.0,22.0,465.0,345.0,1.0
2013.0,Cincinnati Bengals,10.0,0.6666666666666670,0.0,Baltimore Ravens,0.375,0.0,17.0,20.0,364.0,189.0,0.0
2013.0,Pittsburgh Steelers,13.0,0.45454545454545500,0.0,Baltimore Ravens,0.45454545454545500,0.0,20.0,22.0,329.0,311.0,1.0
2013.0,Pittsburgh Steelers,14.0,0.4166666666666670,1.0,Miami Dolphins,0.5,0.0,28.0,34.0,412.0,367.0,0.0
2013.0,Baltimore Ravens,13.0,0.45454545454545500,1.0,Pittsburgh Steelers,0.45454545454545500,1.0,22.0,20.0,311.0,329.0,1.0
2013.0,Baltimore Ravens,14.0,0.5,1.0,Minnesota Vikings,0.25,1.0,29.0,26.0,325.0,379.0,0.0
2013.0,Cleveland Browns,5.0,0.5,1.0,Buffalo Bills,0.5,1.0,37.0,24.0,290.0,343.0,1.0
2013.0,Cleveland Browns,6.0,0.6,1.0,Detroit Lions,0.6,0.0,17.0,31.0,395.0,366.0,0.0
2013.0,Indianapolis Colts,11.0,0.6666666666666670,0.0,Tennessee Titans,0.4444444444444440,1.0,30.0,27.0,366.0,340.0,1.0
2013.0,Indianapolis Colts,12.0,0.7,0.0,Arizona Cardinals,0.6,0.0,11.0,40.0,239.0,410.0,0.0
2013.0,Tennessee Titans,11.0,0.4444444444444440,1.0,Indianapolis Colts,0.6666666666666670,0.0,27.0,30.0,340.0,366.0,1.0
2013.0,Tennessee Titans,12.0,0.4,0.0,Oakland Raiders,0.4,1.0,23.0,19.0,426.0,353.0,0.0
2013.0,Jacksonville Jaguars,14.0,0.25,1.0,Houston Texans,0.16666666666666700,1.0,27.0,20.0,281.0,406.0,1.0
2013.0,Jacksonville Jaguars,15.0,0.3076923076923080,1.0,Buffalo Bills,0.3076923076923080,0.0,20.0,27.0,354.0,366.0,0.0
2013.0,Houston Texans,14.0,0.16666666666666700,0.0,Jacksonville Jaguars,0.25,0.0,20.0,27.0,406.0,281.0,1.0
2013.0,Houston Texans,15.0,0.15384615384615400,0.0,Indianapolis Colts,0.6153846153846150,0.0,3.0,25.0,239.0,331.0,0.0
2013.0,Denver Broncos,15.0,0.8461538461538460,1.0,San Diego Chargers,0.46153846153846200,0.0,20.0,27.0,295.0,337.0,1.0
2013.0,Denver Broncos,16.0,0.7857142857142860,0.0,Houston Texans,0.14285714285714300,1.0,37.0,13.0,511.0,240.0,0.0
2013.0,Kansas City Chiefs,3.0,1.0,0.0,Philadelphia Eagles,0.5,1.0,26.0,16.0,394.0,431.0,1.0
2013.0,Kansas City Chiefs,4.0,1.0,1.0,New York Giants,0.0,1.0,31.0,7.0,390.0,298.0,0.0
2013.0,San Diego Chargers,15.0,0.46153846153846200,0.0,Denver Broncos,0.8461538461538460,1.0,27.0,20.0,337.0,295.0,1.0
2013.0,San Diego Chargers,16.0,0.5,1.0,Oakland Raiders,0.2857142857142860,1.0,26.0,13.0,344.0,265.0,0.0
2013.0,Oakland Raiders,13.0,0.36363636363636400,0.0,Dallas Cowboys,0.5454545454545450,0.0,24.0,31.0,305.0,352.0,1.0
2013.0,Oakland Raiders,14.0,0.3333333333333330,0.0,New York Jets,0.4166666666666670,0.0,27.0,37.0,383.0,352.0,0.0
2013.0,Philadelphia Eagles,3.0,0.5,1.0,Kansas City Chiefs,1.0,0.0,16.0,26.0,431.0,394.0,1.0
2013.0,Philadelphia Eagles,4.0,0.3333333333333330,0.0,Denver Broncos,1.0,0.0,20.0,52.0,450.0,472.0,0.0
2013.0,Dallas Cowboys,13.0,0.5454545454545450,1.0,Oakland Raiders,0.36363636363636400,1.0,31.0,24.0,352.0,305.0,1.0
2013.0,Dallas Cowboys,14.0,0.5833333333333330,0.0,Chicago Bears,0.5,0.0,28.0,45.0,328.0,490.0,0.0
2013.0,New York Giants,6.0,0.0,0.0,Chicago Bears,0.6,0.0,21.0,27.0,355.0,372.0,1.0
2013.0,New York Giants,7.0,0.0,1.0,Minnesota Vikings,0.2,1.0,23.0,7.0,257.0,206.0,0.0
2013.0,Washington Redskins,10.0,0.375,0.0,Minnesota Vikings,0.125,0.0,27.0,34.0,433.0,307.0,1.0
2013.0,Washington Redskins,11.0,0.3333333333333330,0.0,Philadelphia Eagles,0.5,0.0,16.0,24.0,427.0,402.0,0.0
2013.0,Green Bay Packers,13.0,0.45454545454545500,0.0,Detroit Lions,0.5454545454545450,0.0,10.0,40.0,126.0,561.0,1.0
2013.0,Green Bay Packers,14.0,0.45454545454545500,1.0,Atlanta Falcons,0.25,1.0,22.0,21.0,334.0,285.0,0.0
2013.0,Chicago Bears,6.0,0.6,1.0,New York Giants,0.0,1.0,27.0,21.0,372.0,355.0,1.0
2013.0,Chicago Bears,7.0,0.6666666666666670,0.0,Washington Redskins,0.2,0.0,41.0,45.0,359.0,499.0,0.0
2013.0,Detroit Lions,13.0,0.5454545454545450,1.0,Green Bay Packers,0.45454545454545500,1.0,40.0,10.0,561.0,126.0,1.0
2013.0,Detroit Lions,14.0,0.5833333333333330,0.0,Philadelphia Eagles,0.5833333333333330,0.0,20.0,34.0,231.0,478.0,0.0
2013.0,Minnesota Vikings,10.0,0.125,1.0,Washington Redskins,0.375,1.0,34.0,27.0,307.0,433.0,1.0
2013.0,Minnesota Vikings,11.0,0.2222222222222220,0.0,Seattle Seahawks,0.9,0.0,20.0,41.0,336.0,323.0,0.0
2013.0,Carolina Panthers,8.0,0.5,0.0,Tampa Bay Buccaneers,0.0,1.0,31.0,13.0,324.0,297.0,1.0
2013.0,Carolina Panthers,9.0,0.5714285714285710,1.0,Atlanta Falcons,0.2857142857142860,1.0,34.0,10.0,373.0,289.0,0.0
2013.0,New Orleans Saints,12.0,0.8,0.0,Atlanta Falcons,0.2,1.0,17.0,13.0,374.0,355.0,1.0
2013.0,New Orleans Saints,13.0,0.8181818181818180,0.0,Seattle Seahawks,0.9090909090909090,0.0,7.0,34.0,188.0,429.0,0.0
2013.0,Atlanta Falcons,12.0,0.2,1.0,New Orleans Saints,0.8,0.0,13.0,17.0,355.0,374.0,1.0
2013.0,Atlanta Falcons,13.0,0.18181818181818200,0.0,Buffalo Bills,0.36363636363636400,1.0,34.0,31.0,423.0,405.0,0.0
2013.0,Tampa Bay Buccaneers,8.0,0.0,1.0,Carolina Panthers,0.5,0.0,13.0,31.0,297.0,324.0,1.0
2013.0,Tampa Bay Buccaneers,9.0,0.0,0.0,Seattle Seahawks,0.875,0.0,24.0,27.0,350.0,415.0,0.0
2013.0,Seattle Seahawks,7.0,0.8333333333333330,0.0,Arizona Cardinals,0.5,1.0,34.0,22.0,344.0,234.0,1.0
2013.0,Seattle Seahawks,8.0,0.8571428571428570,0.0,St. Louis Rams,0.42857142857142900,1.0,14.0,9.0,135.0,339.0,0.0
2013.0,San Francisco 49ers,4.0,0.3333333333333330,0.0,St. Louis Rams,0.3333333333333330,1.0,35.0,11.0,370.0,188.0,1.0
2013.0,San Francisco 49ers,5.0,0.5,1.0,Houston Texans,0.5,1.0,34.0,3.0,284.0,313.0,0.0
2013.0,Arizona Cardinals,7.0,0.5,1.0,Seattle Seahawks,0.8333333333333330,0.0,22.0,34.0,234.0,344.0,1.0
2013.0,Arizona Cardinals,8.0,0.42857142857142900,1.0,Atlanta Falcons,0.3333333333333330,1.0,27.0,13.0,348.0,292.0,0.0
2013.0,St. Louis Rams,4.0,0.3333333333333330,1.0,San Francisco 49ers,0.3333333333333330,0.0,11.0,35.0,188.0,370.0,1.0
2013.0,St. Louis Rams,5.0,0.25,1.0,Jacksonville Jaguars,0.0,1.0,34.0,20.0,351.0,363.0,0.0
2014.0,New England Patriots,7.0,0.6666666666666670,1.0,New York Jets,0.16666666666666700,1.0,27.0,25.0,323.0,423.0,1.0
2014.0,New England Patriots,8.0,0.7142857142857140,1.0,Chicago Bears,0.42857142857142900,1.0,51.0,23.0,487.0,384.0,0.0
2014.0,Buffalo Bills,11.0,0.5555555555555560,0.0,Miami Dolphins,0.5555555555555560,0.0,9.0,22.0,237.0,330.0,1.0
2014.0,Buffalo Bills,12.0,0.5,1.0,New York Jets,0.2,1.0,38.0,3.0,336.0,218.0,0.0
2014.0,Miami Dolphins,11.0,0.5555555555555560,1.0,Buffalo Bills,0.5555555555555560,1.0,22.0,9.0,330.0,237.0,1.0
2014.0,Miami Dolphins,12.0,0.6,0.0,Denver Broncos,0.7,0.0,36.0,39.0,313.0,450.0,0.0
2014.0,New York Jets,7.0,0.16666666666666700,0.0,New England Patriots,0.6666666666666670,0.0,25.0,27.0,423.0,323.0,1.0
2014.0,New York Jets,8.0,0.14285714285714300,1.0,Buffalo Bills,0.5714285714285710,0.0,23.0,43.0,312.0,280.0,0.0
2014.0,Pittsburgh Steelers,2.0,1.0,0.0,Baltimore Ravens,0.0,0.0,6.0,26.0,301.0,323.0,1.0
2014.0,Pittsburgh Steelers,3.0,0.5,0.0,Carolina Panthers,1.0,1.0,37.0,19.0,454.0,349.0,0.0
2014.0,Cincinnati Bengals,10.0,0.625,1.0,Cleveland Browns,0.625,0.0,3.0,24.0,165.0,368.0,1.0
2014.0,Cincinnati Bengals,11.0,0.625,0.0,New Orleans Saints,0.4444444444444440,1.0,27.0,10.0,405.0,330.0,0.0
2014.0,Baltimore Ravens,2.0,0.0,1.0,Pittsburgh Steelers,1.0,1.0,26.0,6.0,323.0,301.0,1.0
2014.0,Baltimore Ravens,3.0,0.5,0.0,Cleveland Browns,0.5,1.0,23.0,21.0,377.0,375.0,0.0
2014.0,Cleveland Browns,10.0,0.625,0.0,Cincinnati Bengals,0.625,1.0,24.0,3.0,368.0,165.0,1.0
2014.0,Cleveland Browns,11.0,0.6666666666666670,1.0,Houston Texans,0.4444444444444440,0.0,7.0,23.0,375.0,424.0,0.0
2014.0,Indianapolis Colts,6.0,0.6,0.0,Houston Texans,0.6,1.0,33.0,28.0,456.0,332.0,1.0
2014.0,Indianapolis Colts,7.0,0.6666666666666670,1.0,Cincinnati Bengals,0.6,1.0,27.0,0.0,506.0,135.0,0.0
2014.0,Houston Texans,6.0,0.6,1.0,Indianapolis Colts,0.6,0.0,28.0,33.0,332.0,456.0,1.0
2014.0,Houston Texans,7.0,0.5,0.0,Pittsburgh Steelers,0.5,0.0,23.0,30.0,393.0,328.0,0.0
2014.0,Denver Broncos,8.0,0.8333333333333330,1.0,San Diego Chargers,0.7142857142857140,1.0,35.0,21.0,425.0,306.0,1.0
2014.0,Denver Broncos,9.0,0.8571428571428570,0.0,New England Patriots,0.75,0.0,21.0,43.0,472.0,398.0,0.0
2014.0,Kansas City Chiefs,12.0,0.7,0.0,Oakland Raiders,0.0,0.0,20.0,24.0,313.0,351.0,1.0
2014.0,Kansas City Chiefs,13.0,0.6363636363636360,1.0,Denver Broncos,0.7272727272727270,0.0,16.0,29.0,151.0,388.0,0.0
2014.0,San Diego Chargers,8.0,0.7142857142857140,0.0,Denver Broncos,0.8333333333333330,0.0,21.0,35.0,306.0,425.0,1.0
2014.0,San Diego Chargers,9.0,0.625,0.0,Miami Dolphins,0.5714285714285710,0.0,0.0,37.0,178.0,441.0,0.0
2014.0,Oakland Raiders,12.0,0.0,1.0,Kansas City Chiefs,0.7,1.0,24.0,20.0,351.0,313.0,1.0
2014.0,Oakland Raiders,13.0,0.09090909090909090,0.0,St. Louis Rams,0.36363636363636400,0.0,0.0,52.0,244.0,348.0,0.0
2014.0,Philadelphia Eagles,13.0,0.7272727272727270,0.0,Dallas Cowboys,0.7272727272727270,1.0,33.0,10.0,464.0,267.0,1.0
2014.0,Philadelphia Eagles,14.0,0.75,1.0,Seattle Seahawks,0.6666666666666670,0.0,14.0,24.0,139.0,440.0,0.0
2014.0,New York Giants,4.0,0.3333333333333330,0.0,Washington Redskins,0.3333333333333330,1.0,45.0,14.0,449.0,329.0,1.0
2014.0,New York Giants,5.0,0.5,1.0,Atlanta Falcons,0.5,1.0,30.0,20.0,317.0,397.0,0.0
2014.0,Washington Redskins,4.0,0.3333333333333330,1.0,New York Giants,0.3333333333333330,0.0,14.0,45.0,329.0,449.0,1.0
2014.0,Washington Redskins,5.0,0.25,1.0,Seattle Seahawks,0.6666666666666670,0.0,17.0,27.0,307.0,403.0,0.0
2014.0,Green Bay Packers,5.0,0.5,1.0,Minnesota Vikings,0.5,1.0,42.0,10.0,320.0,299.0,1.0
2014.0,Green Bay Packers,6.0,0.6,0.0,Miami Dolphins,0.5,1.0,27.0,24.0,369.0,349.0,0.0
2014.0,Detroit Lions,13.0,0.6363636363636360,1.0,Chicago Bears,0.45454545454545500,1.0,34.0,17.0,474.0,269.0,1.0
2014.0,Detroit Lions,14.0,0.6666666666666670,1.0,Tampa Bay Buccaneers,0.16666666666666700,1.0,34.0,17.0,407.0,233.0,0.0
2014.0,Minnesota Vikings,5.0,0.5,0.0,Green Bay Packers,0.5,0.0,10.0,42.0,299.0,320.0,1.0
2014.0,Minnesota Vikings,6.0,0.4,1.0,Detroit Lions,0.6,0.0,3.0,17.0,212.0,255.0,0.0
2014.0,Carolina Panthers,9.0,0.375,1.0,New Orleans Saints,0.42857142857142900,0.0,10.0,28.0,231.0,375.0,1.0
2014.0,Carolina Panthers,10.0,0.375,0.0,Philadelphia Eagles,0.75,0.0,21.0,45.0,317.0,365.0,0.0
2014.0,New Orleans Saints,9.0,0.42857142857142900,0.0,Carolina Panthers,0.375,1.0,28.0,10.0,375.0,231.0,1.0
2014.0,New Orleans Saints,10.0,0.5,1.0,San Francisco 49ers,0.5,0.0,24.0,27.0,423.0,330.0,0.0
2014.0,Atlanta Falcons,3.0,0.5,1.0,Tampa Bay Buccaneers,0.0,1.0,56.0,14.0,488.0,217.0,1.0
2014.0,Atlanta Falcons,4.0,0.6666666666666670,0.0,Minnesota Vikings,0.3333333333333330,0.0,28.0,41.0,411.0,558.0,0.0
2014.0,Tampa Bay Buccaneers,3.0,0.0,0.0,Atlanta Falcons,0.5,0.0,14.0,56.0,217.0,488.0,1.0
2014.0,Tampa Bay Buccaneers,4.0,0.0,0.0,Pittsburgh Steelers,0.6666666666666670,1.0,27.0,24.0,350.0,390.0,0.0
2014.0,Seattle Seahawks,13.0,0.6363636363636360,0.0,San Francisco 49ers,0.6363636363636360,1.0,19.0,3.0,379.0,164.0,1.0
2014.0,Seattle Seahawks,14.0,0.6666666666666670,0.0,Philadelphia Eagles,0.75,1.0,24.0,14.0,440.0,139.0,0.0
2014.0,Arizona Cardinals,15.0,0.7692307692307690,0.0,St. Louis Rams,0.46153846153846200,1.0,12.0,6.0,274.0,280.0,1.0
2014.0,Arizona Cardinals,16.0,0.7857142857142860,1.0,Seattle Seahawks,0.7142857142857140,0.0,6.0,35.0,216.0,596.0,0.0
2014.0,San Francisco 49ers,13.0,0.6363636363636360,1.0,Seattle Seahawks,0.6363636363636360,0.0,3.0,19.0,164.0,379.0,1.0
2014.0,San Francisco 49ers,14.0,0.5833333333333330,0.0,Oakland Raiders,0.08333333333333330,0.0,13.0,24.0,248.0,330.0,0.0
2014.0,St. Louis Rams,15.0,0.46153846153846200,1.0,Arizona Cardinals,0.7692307692307690,0.0,6.0,12.0,280.0,274.0,1.0
2014.0,St. Louis Rams,16.0,0.42857142857142900,1.0,New York Giants,0.35714285714285700,0.0,27.0,37.0,387.0,514.0,0.0
2015.0,New England Patriots,8.0,1.0,1.0,Miami Dolphins,0.5,1.0,36.0,7.0,437.0,270.0,1.0
2015.0,New England Patriots,9.0,1.0,1.0,Washington Redskins,0.42857142857142900,1.0,27.0,10.0,460.0,250.0,0.0
2015.0,New York Jets,10.0,0.625,1.0,Buffalo Bills,0.5,0.0,17.0,22.0,318.0,280.0,1.0
2015.0,New York Jets,11.0,0.5555555555555560,0.0,Houston Texans,0.4444444444444440,0.0,17.0,24.0,267.0,364.0,0.0
2015.0,Buffalo Bills,10.0,0.5,0.0,New York Jets,0.625,1.0,22.0,17.0,280.0,318.0,1.0
2015.0,Buffalo Bills,11.0,0.5555555555555560,0.0,New England Patriots,1.0,0.0,13.0,20.0,319.0,356.0,0.0
2015.0,Miami Dolphins,8.0,0.5,0.0,New England Patriots,1.0,0.0,7.0,36.0,270.0,437.0,1.0
2015.0,Miami Dolphins,9.0,0.42857142857142900,0.0,Buffalo Bills,0.42857142857142900,0.0,17.0,33.0,397.0,420.0,0.0
2015.0,Cincinnati Bengals,9.0,1.0,1.0,Cleveland Browns,0.25,1.0,31.0,10.0,371.0,213.0,1.0
2015.0,Cincinnati Bengals,10.0,1.0,1.0,Houston Texans,0.375,0.0,6.0,10.0,256.0,256.0,0.0
2015.0,Pittsburgh Steelers,4.0,0.6666666666666670,1.0,Baltimore Ravens,0.0,0.0,20.0,23.0,263.0,356.0,1.0
2015.0,Pittsburgh Steelers,5.0,0.5,0.0,San Diego Chargers,0.5,1.0,24.0,20.0,349.0,406.0,0.0
2015.0,Baltimore Ravens,4.0,0.0,0.0,Pittsburgh Steelers,0.6666666666666670,1.0,23.0,20.0,356.0,263.0,1.0
2015.0,Baltimore Ravens,5.0,0.25,1.0,Cleveland Browns,0.25,0.0,30.0,33.0,377.0,505.0,0.0
2015.0,Cleveland Browns,9.0,0.25,0.0,Cincinnati Bengals,1.0,0.0,10.0,31.0,213.0,371.0,1.0
2015.0,Cleveland Browns,10.0,0.2222222222222220,0.0,Pittsburgh Steelers,0.5555555555555560,0.0,9.0,30.0,342.0,459.0,0.0
2015.0,Houston Texans,5.0,0.25,1.0,Indianapolis Colts,0.5,0.0,20.0,27.0,444.0,323.0,1.0
2015.0,Houston Texans,6.0,0.2,0.0,Jacksonville Jaguars,0.2,1.0,31.0,20.0,382.0,394.0,0.0
2015.0,Indianapolis Colts,5.0,0.5,0.0,Houston Texans,0.25,1.0,27.0,20.0,323.0,444.0,1.0
2015.0,Indianapolis Colts,6.0,0.6,1.0,New England Patriots,1.0,0.0,27.0,34.0,409.0,417.0,0.0
2015.0,Jacksonville Jaguars,11.0,0.3333333333333330,1.0,Tennessee Titans,0.2222222222222220,1.0,19.0,13.0,308.0,316.0,1.0
2015.0,Jacksonville Jaguars,12.0,0.4,1.0,San Diego Chargers,0.2,0.0,25.0,31.0,420.0,369.0,0.0
2015.0,Tennessee Titans,11.0,0.2222222222222220,0.0,Jacksonville Jaguars,0.3333333333333330,0.0,13.0,19.0,316.0,308.0,1.0
2015.0,Tennessee Titans,12.0,0.2,1.0,Oakland Raiders,0.4,0.0,21.0,24.0,249.0,407.0,0.0
2015.0,Denver Broncos,2.0,1.0,0.0,Kansas City Chiefs,1.0,1.0,31.0,24.0,299.0,314.0,1.0
2015.0,Denver Broncos,3.0,1.0,0.0,Detroit Lions,0.0,1.0,24.0,12.0,354.0,290.0,0.0
2015.0,Kansas City Chiefs,2.0,1.0,1.0,Denver Broncos,1.0,0.0,24.0,31.0,314.0,299.0,1.0
2015.0,Kansas City Chiefs,3.0,0.5,0.0,Green Bay Packers,1.0,0.0,28.0,38.0,326.0,448.0,0.0
2015.0,Washington Redskins,3.0,0.5,0.0,New York Giants,0.0,0.0,21.0,32.0,393.0,363.0,1.0
2015.0,Washington Redskins,4.0,0.3333333333333330,1.0,Philadelphia Eagles,0.3333333333333330,1.0,23.0,20.0,417.0,320.0,0.0
2015.0,Philadelphia Eagles,12.0,0.4,0.0,Detroit Lions,0.3,0.0,14.0,45.0,227.0,430.0,1.0
2015.0,Philadelphia Eagles,13.0,0.36363636363636400,0.0,New England Patriots,0.9090909090909090,1.0,35.0,28.0,248.0,427.0,0.0
2015.0,New York Giants,3.0,0.0,1.0,Washington Redskins,0.5,1.0,32.0,21.0,363.0,393.0,1.0
2015.0,New York Giants,4.0,0.3333333333333330,0.0,Buffalo Bills,0.6666666666666670,1.0,24.0,10.0,303.0,313.0,0.0
2015.0,Dallas Cowboys,12.0,0.3,1.0,Carolina Panthers,1.0,0.0,14.0,33.0,210.0,294.0,1.0
2015.0,Dallas Cowboys,13.0,0.2727272727272730,0.0,Washington Redskins,0.45454545454545500,1.0,19.0,16.0,318.0,266.0,0.0
2015.0,Minnesota Vikings,14.0,0.6666666666666670,0.0,Arizona Cardinals,0.8333333333333330,0.0,20.0,23.0,389.0,393.0,1.0
2015.0,Minnesota Vikings,15.0,0.6153846153846150,1.0,Chicago Bears,0.38461538461538500,1.0,38.0,17.0,350.0,293.0,0.0
2015.0,Chicago Bears,12.0,0.4,0.0,Green Bay Packers,0.7,1.0,17.0,13.0,290.0,365.0,1.0
2015.0,Chicago Bears,13.0,0.45454545454545500,1.0,San Francisco 49ers,0.2727272727272730,0.0,20.0,26.0,364.0,291.0,0.0
2015.0,Carolina Panthers,12.0,1.0,0.0,Dallas Cowboys,0.3,1.0,33.0,14.0,294.0,210.0,1.0
2015.0,Carolina Panthers,13.0,1.0,0.0,New Orleans Saints,0.36363636363636400,1.0,41.0,38.0,497.0,334.0,0.0
2015.0,Atlanta Falcons,6.0,1.0,0.0,New Orleans Saints,0.2,0.0,21.0,31.0,413.0,385.0,1.0
2015.0,Atlanta Falcons,7.0,0.8333333333333330,0.0,Tennessee Titans,0.2,1.0,10.0,7.0,378.0,256.0,0.0
2015.0,New Orleans Saints,6.0,0.2,1.0,Atlanta Falcons,1.0,1.0,31.0,21.0,385.0,413.0,1.0
2015.0,New Orleans Saints,7.0,0.3333333333333330,0.0,Indianapolis Colts,0.5,1.0,27.0,21.0,449.0,376.0,0.0
2015.0,Tampa Bay Buccaneers,15.0,0.46153846153846200,0.0,St. Louis Rams,0.38461538461538500,0.0,23.0,31.0,509.0,319.0,1.0
2015.0,Tampa Bay Buccaneers,16.0,0.42857142857142900,1.0,Chicago Bears,0.35714285714285700,0.0,21.0,26.0,389.0,327.0,0.0
2015.0,Arizona Cardinals,14.0,0.8333333333333330,1.0,Minnesota Vikings,0.6666666666666670,1.0,23.0,20.0,393.0,389.0,1.0
2015.0,Arizona Cardinals,15.0,0.8461538461538460,0.0,Philadelphia Eagles,0.46153846153846200,1.0,40.0,17.0,493.0,424.0,0.0
2015.0,Seattle Seahawks,7.0,0.3333333333333330,0.0,San Francisco 49ers,0.3333333333333330,1.0,20.0,3.0,388.0,142.0,1.0
2015.0,Seattle Seahawks,8.0,0.42857142857142900,0.0,Dallas Cowboys,0.3333333333333330,1.0,13.0,12.0,323.0,220.0,0.0
2015.0,St. Louis Rams,15.0,0.38461538461538500,1.0,Tampa Bay Buccaneers,0.46153846153846200,1.0,31.0,23.0,319.0,509.0,1.0
2015.0,St. Louis Rams,16.0,0.42857142857142900,0.0,Seattle Seahawks,0.6428571428571430,1.0,23.0,17.0,205.0,312.0,0.0
2015.0,San Francisco 49ers,7.0,0.3333333333333330,1.0,Seattle Seahawks,0.3333333333333330,0.0,3.0,20.0,142.0,388.0,1.0
2015.0,San Francisco 49ers,8.0,0.2857142857142860,0.0,St. Louis Rams,0.5,0.0,6.0,27.0,189.0,388.0,0.0
2016.0,New England Patriots,3.0,1.0,1.0,Houston Texans,1.0,1.0,27.0,0.0,282.0,284.0,1.0
2016.0,New England Patriots,4.0,1.0,1.0,Buffalo Bills,0.3333333333333330,0.0,0.0,16.0,277.0,378.0,0.0
2016.0,Miami Dolphins,4.0,0.3333333333333330,0.0,Cincinnati Bengals,0.3333333333333330,0.0,7.0,22.0,222.0,362.0,1.0
2016.0,Miami Dolphins,5.0,0.25,1.0,Tennessee Titans,0.25,0.0,17.0,30.0,200.0,398.0,0.0
2016.0,Buffalo Bills,2.0,0.0,1.0,New York Jets,0.0,0.0,31.0,37.0,393.0,493.0,1.0
2016.0,Buffalo Bills,3.0,0.0,1.0,Arizona Cardinals,0.5,1.0,33.0,18.0,297.0,348.0,0.0
2016.0,New York Jets,2.0,0.0,0.0,Buffalo Bills,0.0,1.0,37.0,31.0,493.0,393.0,1.0
2016.0,New York Jets,3.0,0.5,0.0,Kansas City Chiefs,0.5,0.0,3.0,24.0,305.0,293.0,0.0
2016.0,Pittsburgh Steelers,12.0,0.5,0.0,Indianapolis Colts,0.5,1.0,28.0,7.0,369.0,310.0,1.0
2016.0,Pittsburgh Steelers,13.0,0.5454545454545450,1.0,New York Giants,0.7272727272727270,1.0,24.0,14.0,389.0,234.0,0.0
2016.0,Baltimore Ravens,10.0,0.5,1.0,Cleveland Browns,0.0,1.0,28.0,7.0,396.0,144.0,1.0
2016.0,Baltimore Ravens,11.0,0.5555555555555560,0.0,Dallas Cowboys,0.8888888888888890,0.0,17.0,27.0,368.0,417.0,0.0
2016.0,Cincinnati Bengals,4.0,0.3333333333333330,1.0,Miami Dolphins,0.3333333333333330,1.0,22.0,7.0,362.0,222.0,1.0
2016.0,Cincinnati Bengals,5.0,0.5,0.0,Dallas Cowboys,0.75,0.0,14.0,28.0,345.0,402.0,0.0
2016.0,Cleveland Browns,10.0,0.0,0.0,Baltimore Ravens,0.5,0.0,7.0,28.0,144.0,396.0,1.0
2016.0,Cleveland Browns,11.0,0.0,1.0,Pittsburgh Steelers,0.4444444444444440,0.0,9.0,24.0,209.0,313.0,0.0
2016.0,Houston Texans,3.0,1.0,0.0,New England Patriots,1.0,0.0,0.0,27.0,284.0,282.0,1.0
2016.0,Houston Texans,4.0,0.6666666666666670,1.0,Tennessee Titans,0.3333333333333330,1.0,27.0,20.0,359.0,320.0,0.0
2016.0,Tennessee Titans,8.0,0.42857142857142900,1.0,Jacksonville Jaguars,0.3333333333333330,1.0,36.0,22.0,494.0,370.0,1.0
2016.0,Tennessee Titans,9.0,0.5,0.0,San Diego Chargers,0.375,0.0,35.0,43.0,393.0,476.0,0.0
2016.0,Indianapolis Colts,12.0,0.5,1.0,Pittsburgh Steelers,0.5,0.0,7.0,28.0,310.0,369.0,1.0
2016.0,Indianapolis Colts,13.0,0.45454545454545500,0.0,New York Jets,0.2727272727272730,1.0,41.0,10.0,421.0,250.0,0.0
2016.0,Jacksonville Jaguars,8.0,0.3333333333333330,0.0,Tennessee Titans,0.42857142857142900,0.0,22.0,36.0,370.0,494.0,1.0
2016.0,Jacksonville Jaguars,9.0,0.2857142857142860,0.0,Kansas City Chiefs,0.7142857142857140,0.0,14.0,19.0,449.0,231.0,0.0
2016.0,Kansas City Chiefs,14.0,0.75,1.0,Oakland Raiders,0.8333333333333330,1.0,21.0,13.0,323.0,244.0,1.0
2016.0,Kansas City Chiefs,15.0,0.7692307692307690,1.0,Tennessee Titans,0.5384615384615380,0.0,17.0,19.0,316.0,389.0,0.0
2016.0,Oakland Raiders,14.0,0.8333333333333330,0.0,Kansas City Chiefs,0.75,0.0,13.0,21.0,244.0,323.0,1.0
2016.0,Oakland Raiders,15.0,0.7692307692307690,0.0,San Diego Chargers,0.38461538461538500,1.0,19.0,16.0,345.0,263.0,0.0
2016.0,Denver Broncos,6.0,0.8,0.0,San Diego Chargers,0.2,0.0,13.0,21.0,304.0,265.0,1.0
2016.0,Denver Broncos,7.0,0.6666666666666670,1.0,Houston Texans,0.6666666666666670,1.0,27.0,9.0,347.0,271.0,0.0
2016.0,San Diego Chargers,6.0,0.2,1.0,Denver Broncos,0.8,1.0,21.0,13.0,265.0,304.0,1.0
2016.0,San Diego Chargers,7.0,0.3333333333333330,0.0,Atlanta Falcons,0.6666666666666670,1.0,33.0,30.0,426.0,386.0,0.0
2016.0,New York Giants,16.0,0.7142857142857140,0.0,Philadelphia Eagles,0.35714285714285700,0.0,19.0,24.0,470.0,286.0,1.0
2016.0,New York Giants,17.0,0.6666666666666670,0.0,Washington Redskins,0.5333333333333330,1.0,19.0,10.0,332.0,284.0,0.0
2016.0,Washington Redskins,12.0,0.6,0.0,Dallas Cowboys,0.9,0.0,26.0,31.0,505.0,353.0,1.0
2016.0,Washington Redskins,13.0,0.6,0.0,Arizona Cardinals,0.36363636363636400,0.0,23.0,31.0,333.0,369.0,0.0
2016.0,Green Bay Packers,7.0,0.6,1.0,Chicago Bears,0.16666666666666700,1.0,26.0,10.0,406.0,189.0,1.0
2016.0,Green Bay Packers,8.0,0.6666666666666670,0.0,Atlanta Falcons,0.5714285714285710,0.0,32.0,33.0,331.0,367.0,0.0
2016.0,Detroit Lions,12.0,0.6,1.0,Minnesota Vikings,0.6,1.0,16.0,13.0,308.0,306.0,1.0
2016.0,Detroit Lions,13.0,0.6363636363636360,0.0,New Orleans Saints,0.45454545454545500,1.0,28.0,13.0,422.0,369.0,0.0
2016.0,Chicago Bears,7.0,0.16666666666666700,0.0,Green Bay Packers,0.6,0.0,10.0,26.0,189.0,406.0,1.0
2016.0,Chicago Bears,8.0,0.14285714285714300,1.0,Minnesota Vikings,0.8333333333333330,1.0,20.0,10.0,403.0,258.0,0.0
2016.0,Atlanta Falcons,9.0,0.625,0.0,Tampa Bay Buccaneers,0.42857142857142900,1.0,43.0,28.0,461.0,396.0,1.0
2016.0,Atlanta Falcons,10.0,0.6666666666666670,0.0,Philadelphia Eagles,0.5,0.0,15.0,24.0,303.0,429.0,0.0
2016.0,Tampa Bay Buccaneers,9.0,0.42857142857142900,1.0,Atlanta Falcons,0.625,0.0,28.0,43.0,396.0,461.0,1.0
2016.0,Tampa Bay Buccaneers,10.0,0.375,1.0,Chicago Bears,0.25,1.0,36.0,10.0,360.0,283.0,0.0
2016.0,New Orleans Saints,11.0,0.4444444444444440,0.0,Carolina Panthers,0.3333333333333330,0.0,20.0,23.0,371.0,223.0,1.0
2016.0,New Orleans Saints,12.0,0.4,1.0,Los Angeles Rams,0.4,1.0,49.0,21.0,555.0,247.0,0.0
2016.0,Carolina Panthers,11.0,0.3333333333333330,1.0,New Orleans Saints,0.4444444444444440,1.0,23.0,20.0,223.0,371.0,1.0
2016.0,Carolina Panthers,12.0,0.4,0.0,Oakland Raiders,0.8,0.0,32.0,35.0,358.0,366.0,0.0
2016.0,Seattle Seahawks,15.0,0.6153846153846150,1.0,Los Angeles Rams,0.3076923076923080,1.0,24.0,3.0,299.0,183.0,1.0
2016.0,Seattle Seahawks,16.0,0.6923076923076920,1.0,Arizona Cardinals,0.35714285714285700,0.0,31.0,34.0,391.0,370.0,0.0
2016.0,Arizona Cardinals,5.0,0.25,0.0,San Francisco 49ers,0.25,1.0,33.0,21.0,288.0,286.0,1.0
2016.0,Arizona Cardinals,6.0,0.4,1.0,New York Jets,0.2,1.0,28.0,3.0,396.0,230.0,0.0
2016.0,Los Angeles Rams,15.0,0.3076923076923080,0.0,Seattle Seahawks,0.6153846153846150,0.0,3.0,24.0,183.0,299.0,1.0
2016.0,Los Angeles Rams,16.0,0.2857142857142860,1.0,San Francisco 49ers,0.07142857142857140,0.0,21.0,22.0,177.0,323.0,0.0
2016.0,San Francisco 49ers,5.0,0.25,1.0,Arizona Cardinals,0.25,0.0,21.0,33.0,286.0,288.0,1.0
2016.0,San Francisco 49ers,6.0,0.2,0.0,Buffalo Bills,0.6,0.0,16.0,45.0,300.0,492.0,0.0
2017.0,New England Patriots,5.0,0.5,0.0,Tampa Bay Buccaneers,0.5,1.0,19.0,14.0,402.0,409.0,1.0
2017.0,New England Patriots,6.0,0.6,0.0,New York Jets,0.6,1.0,24.0,17.0,375.0,408.0,0.0
2017.0,Buffalo Bills,9.0,0.7142857142857140,0.0,New York Jets,0.375,0.0,21.0,34.0,307.0,331.0,1.0
2017.0,Buffalo Bills,10.0,0.625,1.0,New Orleans Saints,0.75,0.0,10.0,47.0,198.0,482.0,0.0
2017.0,Miami Dolphins,8.0,0.6666666666666670,0.0,Baltimore Ravens,0.5,0.0,0.0,40.0,196.0,295.0,1.0
2017.0,Miami Dolphins,9.0,0.5714285714285710,1.0,Oakland Raiders,0.42857142857142900,0.0,24.0,27.0,395.0,379.0,0.0
2017.0,New York Jets,9.0,0.375,1.0,Buffalo Bills,0.7142857142857140,1.0,34.0,21.0,331.0,307.0,1.0
2017.0,New York Jets,10.0,0.4444444444444440,0.0,Tampa Bay Buccaneers,0.3333333333333330,0.0,10.0,15.0,275.0,271.0,0.0
2017.0,Pittsburgh Steelers,11.0,0.7777777777777780,1.0,Tennessee Titans,0.6666666666666670,1.0,40.0,17.0,349.0,316.0,1.0
2017.0,Pittsburgh Steelers,12.0,0.8,1.0,Green Bay Packers,0.5,1.0,31.0,28.0,462.0,307.0,0.0
2017.0,Baltimore Ravens,8.0,0.42857142857142900,1.0,Miami Dolphins,0.5714285714285710,1.0,40.0,0.0,295.0,196.0,1.0
2017.0,Baltimore Ravens,9.0,0.5,0.0,Tennessee Titans,0.5714285714285710,0.0,20.0,23.0,341.0,257.0,0.0
2017.0,Cincinnati Bengals,2.0,0.0,1.0,Houston Texans,0.0,0.0,9.0,13.0,295.0,266.0,1.0
2017.0,Cincinnati Bengals,3.0,0.0,0.0,Green Bay Packers,0.5,0.0,24.0,27.0,301.0,344.0,0.0
2017.0,Tennessee Titans,11.0,0.6666666666666670,0.0,Pittsburgh Steelers,0.7777777777777780,0.0,17.0,40.0,316.0,349.0,1.0
2017.0,Tennessee Titans,12.0,0.6,0.0,Indianapolis Colts,0.3,1.0,20.0,16.0,276.0,254.0,0.0
2017.0,Indianapolis Colts,15.0,0.23076923076923100,1.0,Denver Broncos,0.3076923076923080,0.0,13.0,25.0,228.0,462.0,1.0
2017.0,Indianapolis Colts,16.0,0.21428571428571400,0.0,Baltimore Ravens,0.5714285714285710,0.0,16.0,23.0,296.0,323.0,0.0
2017.0,Houston Texans,2.0,0.0,0.0,Cincinnati Bengals,0.0,1.0,13.0,9.0,266.0,295.0,1.0
2017.0,Houston Texans,3.0,0.5,0.0,New England Patriots,0.5,0.0,33.0,36.0,417.0,396.0,0.0
2017.0,Kansas City Chiefs,7.0,0.8333333333333330,0.0,Oakland Raiders,0.3333333333333330,0.0,30.0,31.0,425.0,505.0,1.0
2017.0,Kansas City Chiefs,8.0,0.7142857142857140,1.0,Denver Broncos,0.5,1.0,29.0,19.0,276.0,364.0,0.0
2017.0,Los Angeles Chargers,12.0,0.4,0.0,Dallas Cowboys,0.5,1.0,28.0,6.0,515.0,247.0,1.0
2017.0,Los Angeles Chargers,13.0,0.45454545454545500,1.0,Cleveland Browns,0.0,1.0,19.0,10.0,429.0,291.0,0.0
2017.0,Oakland Raiders,7.0,0.3333333333333330,1.0,Kansas City Chiefs,0.8333333333333330,1.0,31.0,30.0,505.0,425.0,1.0
2017.0,Oakland Raiders,8.0,0.42857142857142900,0.0,Buffalo Bills,0.6666666666666670,0.0,14.0,34.0,367.0,331.0,0.0
2017.0,Denver Broncos,15.0,0.3076923076923080,0.0,Indianapolis Colts,0.23076923076923100,1.0,25.0,13.0,462.0,228.0,1.0
2017.0,Denver Broncos,16.0,0.35714285714285700,0.0,Washington Redskins,0.42857142857142900,0.0,11.0,27.0,330.0,386.0,0.0
2017.0,Philadelphia Eagles,6.0,0.8,0.0,Carolina Panthers,0.8,1.0,28.0,23.0,310.0,305.0,1.0
2017.0,Philadelphia Eagles,7.0,0.8333333333333330,1.0,Washington Redskins,0.6,1.0,34.0,24.0,371.0,344.0,0.0
2017.0,New York Giants,12.0,0.2,0.0,Washington Redskins,0.4,0.0,10.0,20.0,170.0,323.0,1.0
2017.0,New York Giants,13.0,0.18181818181818200,0.0,Oakland Raiders,0.45454545454545500,0.0,17.0,24.0,265.0,401.0,0.0
2017.0,Minnesota Vikings,12.0,0.8,0.0,Detroit Lions,0.6,1.0,30.0,23.0,408.0,289.0,1.0
2017.0,Minnesota Vikings,13.0,0.8181818181818180,0.0,Atlanta Falcons,0.6363636363636360,1.0,14.0,9.0,312.0,275.0,0.0
2017.0,Detroit Lions,12.0,0.6,1.0,Minnesota Vikings,0.8,0.0,23.0,30.0,289.0,408.0,1.0
2017.0,Detroit Lions,13.0,0.5454545454545450,0.0,Baltimore Ravens,0.5454545454545450,0.0,20.0,44.0,372.0,370.0,0.0
2017.0,Green Bay Packers,4.0,0.6666666666666670,1.0,Chicago Bears,0.3333333333333330,1.0,35.0,14.0,260.0,308.0,1.0
2017.0,Green Bay Packers,5.0,0.75,0.0,Dallas Cowboys,0.5,1.0,35.0,31.0,342.0,408.0,0.0
2017.0,Chicago Bears,4.0,0.3333333333333330,0.0,Green Bay Packers,0.6666666666666670,0.0,14.0,35.0,308.0,260.0,1.0
2017.0,Chicago Bears,5.0,0.25,1.0,Minnesota Vikings,0.5,0.0,17.0,20.0,274.0,300.0,0.0
2017.0,New Orleans Saints,14.0,0.75,0.0,Atlanta Falcons,0.5833333333333330,0.0,17.0,20.0,306.0,343.0,1.0
2017.0,New Orleans Saints,15.0,0.6923076923076920,1.0,New York Jets,0.38461538461538500,1.0,31.0,19.0,412.0,294.0,0.0
2017.0,Carolina Panthers,6.0,0.8,1.0,Philadelphia Eagles,0.8,0.0,23.0,28.0,305.0,310.0,1.0
2017.0,Carolina Panthers,7.0,0.6666666666666670,0.0,Chicago Bears,0.3333333333333330,0.0,3.0,17.0,293.0,153.0,0.0
2017.0,Atlanta Falcons,14.0,0.5833333333333330,1.0,New Orleans Saints,0.75,1.0,20.0,17.0,343.0,306.0,1.0
2017.0,Atlanta Falcons,15.0,0.6153846153846150,0.0,Tampa Bay Buccaneers,0.2857142857142860,1.0,24.0,21.0,410.0,373.0,0.0
2017.0,Tampa Bay Buccaneers,5.0,0.6666666666666670,1.0,New England Patriots,0.6666666666666670,0.0,14.0,19.0,409.0,402.0,1.0
2017.0,Tampa Bay Buccaneers,6.0,0.5,0.0,Arizona Cardinals,0.5,0.0,33.0,38.0,412.0,432.0,0.0
2017.0,Los Angeles Rams,3.0,0.5,0.0,San Francisco 49ers,0.0,1.0,41.0,39.0,418.0,421.0,1.0
2017.0,Los Angeles Rams,4.0,0.6666666666666670,0.0,Dallas Cowboys,0.6666666666666670,1.0,35.0,30.0,412.0,440.0,0.0
2017.0,Seattle Seahawks,10.0,0.625,0.0,Arizona Cardinals,0.5,1.0,22.0,16.0,287.0,290.0,1.0
2017.0,Seattle Seahawks,11.0,0.6666666666666670,1.0,Atlanta Falcons,0.5555555555555560,0.0,31.0,34.0,360.0,279.0,0.0
2017.0,Arizona Cardinals,10.0,0.5,1.0,Seattle Seahawks,0.625,0.0,16.0,22.0,290.0,287.0,1.0
2017.0,Arizona Cardinals,11.0,0.4444444444444440,0.0,Houston Texans,0.3333333333333330,0.0,21.0,31.0,292.0,357.0,0.0
2017.0,San Francisco 49ers,3.0,0.0,1.0,Los Angeles Rams,0.5,0.0,39.0,41.0,421.0,418.0,1.0
2017.0,San Francisco 49ers,4.0,0.0,0.0,Arizona Cardinals,0.3333333333333330,0.0,15.0,18.0,305.0,368.0,0.0
2018.0,New England Patriots,5.0,0.5,1.0,Indianapolis Colts,0.25,1.0,38.0,24.0,438.0,439.0,1.0
2018.0,New England Patriots,6.0,0.6,1.0,Kansas City Chiefs,1.0,1.0,43.0,40.0,500.0,446.0,0.0
2018.0,Miami Dolphins,8.0,0.5714285714285710,0.0,Houston Texans,0.5714285714285710,0.0,23.0,42.0,370.0,427.0,1.0
2018.0,Miami Dolphins,9.0,0.5,1.0,New York Jets,0.375,1.0,13.0,6.0,168.0,282.0,0.0
2018.0,New York Jets,3.0,0.5,0.0,Cleveland Browns,0.0,0.0,17.0,21.0,268.0,323.0,1.0
2018.0,New York Jets,4.0,0.3333333333333330,0.0,Jacksonville Jaguars,0.6666666666666670,0.0,12.0,31.0,178.0,503.0,0.0
2018.0,Baltimore Ravens,2.0,1.0,0.0,Cincinnati Bengals,1.0,0.0,23.0,34.0,425.0,373.0,1.0
2018.0,Baltimore Ravens,3.0,0.5,1.0,Denver Broncos,1.0,1.0,27.0,14.0,342.0,293.0,0.0
2018.0,Pittsburgh Steelers,10.0,0.625,1.0,Carolina Panthers,0.75,1.0,52.0,21.0,457.0,242.0,1.0
2018.0,Pittsburgh Steelers,11.0,0.75,0.0,Jacksonville Jaguars,0.3333333333333330,1.0,20.0,16.0,323.0,243.0,0.0
2018.0,Cleveland Browns,3.0,0.0,1.0,New York Jets,0.5,1.0,21.0,17.0,323.0,268.0,1.0
2018.0,Cleveland Browns,4.0,0.5,0.0,Oakland Raiders,0.0,0.0,42.0,45.0,487.0,565.0,0.0
2018.0,Cincinnati Bengals,2.0,1.0,1.0,Baltimore Ravens,1.0,1.0,34.0,23.0,373.0,425.0,1.0
2018.0,Cincinnati Bengals,3.0,1.0,0.0,Carolina Panthers,0.5,0.0,21.0,31.0,396.0,377.0,0.0
2018.0,Houston Texans,8.0,0.5714285714285710,1.0,Miami Dolphins,0.5714285714285710,1.0,42.0,23.0,427.0,370.0,1.0
2018.0,Houston Texans,9.0,0.625,0.0,Denver Broncos,0.375,1.0,19.0,17.0,290.0,348.0,0.0
2018.0,Indianapolis Colts,5.0,0.25,0.0,New England Patriots,0.5,0.0,24.0,38.0,439.0,438.0,1.0
2018.0,Indianapolis Colts,6.0,0.2,0.0,New York Jets,0.4,0.0,34.0,42.0,428.0,374.0,0.0
2018.0,Tennessee Titans,14.0,0.5,1.0,Jacksonville Jaguars,0.3333333333333330,1.0,30.0,9.0,426.0,255.0,1.0
2018.0,Tennessee Titans,15.0,0.5384615384615380,0.0,New York Giants,0.38461538461538500,1.0,17.0,0.0,301.0,260.0,0.0
2018.0,Jacksonville Jaguars,14.0,0.3333333333333330,0.0,Tennessee Titans,0.5,0.0,9.0,30.0,255.0,426.0,1.0
2018.0,Jacksonville Jaguars,15.0,0.3076923076923080,1.0,Washington Redskins,0.46153846153846200,0.0,13.0,16.0,192.0,245.0,0.0
2018.0,Kansas City Chiefs,15.0,0.8461538461538460,1.0,Los Angeles Chargers,0.7692307692307690,0.0,28.0,29.0,294.0,407.0,1.0
2018.0,Kansas City Chiefs,16.0,0.7857142857142860,0.0,Seattle Seahawks,0.5714285714285710,0.0,31.0,38.0,419.0,464.0,0.0
2018.0,Los Angeles Chargers,15.0,0.7692307692307690,0.0,Kansas City Chiefs,0.8461538461538460,1.0,29.0,28.0,407.0,294.0,1.0
2018.0,Los Angeles Chargers,16.0,0.7857142857142860,1.0,Baltimore Ravens,0.5714285714285710,0.0,10.0,22.0,198.0,361.0,0.0
2018.0,Denver Broncos,7.0,0.3333333333333330,0.0,Arizona Cardinals,0.16666666666666700,1.0,45.0,10.0,309.0,223.0,1.0
2018.0,Denver Broncos,8.0,0.42857142857142900,0.0,Kansas City Chiefs,0.8571428571428570,0.0,23.0,30.0,411.0,340.0,0.0
2018.0,Oakland Raiders,9.0,0.14285714285714300,0.0,San Francisco 49ers,0.125,0.0,3.0,34.0,242.0,405.0,1.0
2018.0,Oakland Raiders,10.0,0.125,1.0,Los Angeles Chargers,0.75,0.0,6.0,20.0,317.0,335.0,0.0
2018.0,Philadelphia Eagles,6.0,0.4,0.0,New York Giants,0.2,1.0,34.0,13.0,379.0,401.0,1.0
2018.0,Philadelphia Eagles,7.0,0.5,1.0,Carolina Panthers,0.6,0.0,17.0,21.0,342.0,371.0,0.0
2018.0,Washington Redskins,12.0,0.6,0.0,Dallas Cowboys,0.5,0.0,23.0,31.0,331.0,404.0,1.0
2018.0,Washington Redskins,13.0,0.5454545454545450,0.0,Philadelphia Eagles,0.45454545454545500,0.0,13.0,28.0,235.0,436.0,0.0
2018.0,New York Giants,6.0,0.2,1.0,Philadelphia Eagles,0.4,0.0,13.0,34.0,401.0,379.0,1.0
2018.0,New York Giants,7.0,0.16666666666666700,0.0,Atlanta Falcons,0.3333333333333330,0.0,20.0,23.0,433.0,423.0,0.0
2018.0,Chicago Bears,12.0,0.7,0.0,Detroit Lions,0.4,1.0,23.0,16.0,264.0,333.0,1.0
2018.0,Chicago Bears,13.0,0.7272727272727270,0.0,New York Giants,0.2727272727272730,0.0,27.0,30.0,376.0,338.0,0.0
2018.0,Minnesota Vikings,4.0,0.3333333333333330,0.0,Los Angeles Rams,1.0,0.0,31.0,38.0,446.0,556.0,1.0
2018.0,Minnesota Vikings,5.0,0.3333333333333330,0.0,Philadelphia Eagles,0.5,1.0,23.0,21.0,375.0,364.0,0.0
2018.0,Green Bay Packers,11.0,0.4444444444444440,0.0,Seattle Seahawks,0.4444444444444440,0.0,24.0,27.0,359.0,378.0,1.0
2018.0,Green Bay Packers,12.0,0.4444444444444440,0.0,Minnesota Vikings,0.5,0.0,17.0,24.0,254.0,416.0,0.0
2018.0,Detroit Lions,12.0,0.4,1.0,Chicago Bears,0.7,0.0,16.0,23.0,333.0,264.0,1.0
2018.0,Detroit Lions,13.0,0.36363636363636400,1.0,Los Angeles Rams,0.9090909090909090,0.0,16.0,30.0,310.0,344.0,0.0
2018.0,Atlanta Falcons,12.0,0.4,0.0,New Orleans Saints,0.9,0.0,17.0,31.0,366.0,312.0,1.0
2018.0,Atlanta Falcons,13.0,0.36363636363636400,1.0,Baltimore Ravens,0.5454545454545450,0.0,16.0,26.0,131.0,366.0,0.0
2018.0,Carolina Panthers,10.0,0.75,0.0,Pittsburgh Steelers,0.625,0.0,21.0,52.0,242.0,457.0,1.0
2018.0,Carolina Panthers,11.0,0.6666666666666670,0.0,Detroit Lions,0.3333333333333330,0.0,19.0,20.0,387.0,309.0,0.0
2018.0,Los Angeles Rams,4.0,1.0,1.0,Minnesota Vikings,0.3333333333333330,1.0,38.0,31.0,556.0,446.0,1.0
2018.0,Los Angeles Rams,5.0,1.0,0.0,Seattle Seahawks,0.5,1.0,33.0,31.0,468.0,373.0,0.0
2018.0,Seattle Seahawks,11.0,0.4444444444444440,1.0,Green Bay Packers,0.4444444444444440,1.0,27.0,24.0,378.0,359.0,1.0
2018.0,Seattle Seahawks,12.0,0.5,0.0,Carolina Panthers,0.6,1.0,30.0,27.0,397.0,476.0,0.0
2018.0,San Francisco 49ers,9.0,0.125,1.0,Oakland Raiders,0.14285714285714300,1.0,34.0,3.0,405.0,242.0,1.0
2018.0,San Francisco 49ers,10.0,0.2222222222222220,1.0,New York Giants,0.125,0.0,23.0,27.0,374.0,277.0,0.0
2018.0,Arizona Cardinals,7.0,0.16666666666666700,1.0,Denver Broncos,0.3333333333333330,0.0,10.0,45.0,223.0,309.0,1.0
2018.0,Arizona Cardinals,8.0,0.14285714285714300,1.0,San Francisco 49ers,0.14285714285714300,1.0,18.0,15.0,321.0,267.0,0.0
2019.0,New England Patriots,6.0,1.0,1.0,New York Giants,0.4,1.0,35.0,14.0,427.0,213.0,1.0
2019.0,New England Patriots,7.0,1.0,0.0,New York Jets,0.2,1.0,33.0,0.0,323.0,154.0,0.0
2019.0,Buffalo Bills,13.0,0.7272727272727270,0.0,Dallas Cowboys,0.5454545454545450,1.0,26.0,15.0,356.0,426.0,1.0
2019.0,Buffalo Bills,14.0,0.75,1.0,Baltimore Ravens,0.8333333333333330,0.0,17.0,24.0,209.0,257.0,0.0
2019.0,New York Jets,15.0,0.38461538461538500,0.0,Baltimore Ravens,0.8461538461538460,0.0,21.0,42.0,310.0,430.0,1.0
2019.0,New York Jets,16.0,0.35714285714285700,1.0,Pittsburgh Steelers,0.5714285714285710,1.0,16.0,10.0,259.0,260.0,0.0
2019.0,Baltimore Ravens,15.0,0.8461538461538460,1.0,New York Jets,0.38461538461538500,1.0,42.0,21.0,430.0,310.0,1.0
2019.0,Baltimore Ravens,16.0,0.8571428571428570,0.0,Cleveland Browns,0.42857142857142900,1.0,31.0,15.0,481.0,241.0,0.0
2019.0,Pittsburgh Steelers,11.0,0.5555555555555560,0.0,Cleveland Browns,0.3333333333333330,0.0,7.0,21.0,236.0,293.0,1.0
2019.0,Pittsburgh Steelers,12.0,0.5,0.0,Cincinnati Bengals,0.0,1.0,16.0,10.0,338.0,244.0,0.0
2019.0,Cleveland Browns,11.0,0.3333333333333330,1.0,Pittsburgh Steelers,0.5555555555555560,1.0,21.0,7.0,293.0,236.0,1.0
2019.0,Cleveland Browns,12.0,0.4,1.0,Miami Dolphins,0.2,1.0,41.0,24.0,467.0,284.0,0.0
2019.0,Houston Texans,12.0,0.6,1.0,Indianapolis Colts,0.6,1.0,20.0,17.0,396.0,296.0,1.0
2019.0,Houston Texans,13.0,0.6363636363636360,1.0,New England Patriots,0.9090909090909090,1.0,28.0,22.0,276.0,448.0,0.0
2019.0,Tennessee Titans,3.0,0.5,0.0,Jacksonville Jaguars,0.0,0.0,7.0,20.0,340.0,292.0,1.0
2019.0,Tennessee Titans,4.0,0.3333333333333330,0.0,Atlanta Falcons,0.3333333333333330,1.0,24.0,10.0,365.0,422.0,0.0
2019.0,Indianapolis Colts,12.0,0.6,0.0,Houston Texans,0.6,0.0,17.0,20.0,296.0,396.0,1.0
2019.0,Indianapolis Colts,13.0,0.5454545454545450,1.0,Tennessee Titans,0.5454545454545450,0.0,17.0,31.0,391.0,292.0,0.0
2019.0,Jacksonville Jaguars,3.0,0.0,1.0,Tennessee Titans,0.5,1.0,20.0,7.0,292.0,340.0,1.0
2019.0,Jacksonville Jaguars,4.0,0.3333333333333330,0.0,Denver Broncos,0.0,1.0,26.0,24.0,455.0,371.0,0.0
2019.0,Kansas City Chiefs,7.0,0.6666666666666670,0.0,Denver Broncos,0.3333333333333330,1.0,30.0,6.0,271.0,205.0,1.0
2019.0,Kansas City Chiefs,8.0,0.7142857142857140,1.0,Green Bay Packers,0.8571428571428570,0.0,24.0,31.0,337.0,374.0,0.0
2019.0,Denver Broncos,7.0,0.3333333333333330,1.0,Kansas City Chiefs,0.6666666666666670,0.0,6.0,30.0,205.0,271.0,1.0
2019.0,Denver Broncos,8.0,0.2857142857142860,0.0,Indianapolis Colts,0.6666666666666670,0.0,13.0,15.0,279.0,318.0,0.0
2019.0,Oakland Raiders,10.0,0.5,1.0,Los Angeles Chargers,0.4444444444444440,1.0,26.0,24.0,278.0,315.0,1.0
2019.0,Oakland Raiders,11.0,0.5555555555555560,1.0,Cincinnati Bengals,0.0,1.0,17.0,10.0,386.0,246.0,0.0
2019.0,Los Angeles Chargers,10.0,0.4444444444444440,0.0,Oakland Raiders,0.5,0.0,24.0,26.0,315.0,278.0,1.0
2019.0,Los Angeles Chargers,11.0,0.4,1.0,Kansas City Chiefs,0.6,0.0,17.0,24.0,438.0,310.0,0.0
2019.0,Philadelphia Eagles,4.0,0.3333333333333330,0.0,Green Bay Packers,1.0,1.0,34.0,27.0,336.0,491.0,1.0
2019.0,Philadelphia Eagles,5.0,0.5,1.0,New York Jets,0.0,1.0,31.0,6.0,265.0,128.0,0.0
2019.0,New York Giants,6.0,0.4,0.0,New England Patriots,1.0,0.0,14.0,35.0,213.0,427.0,1.0
2019.0,New York Giants,7.0,0.3333333333333330,1.0,Arizona Cardinals,0.3333333333333330,0.0,21.0,27.0,263.0,245.0,0.0
2019.0,Washington Redskins,8.0,0.14285714285714300,0.0,Minnesota Vikings,0.7142857142857140,0.0,9.0,19.0,216.0,434.0,1.0
2019.0,Washington Redskins,9.0,0.125,0.0,Buffalo Bills,0.7142857142857140,0.0,9.0,24.0,243.0,268.0,0.0
2019.0,Green Bay Packers,4.0,1.0,1.0,Philadelphia Eagles,0.3333333333333330,0.0,27.0,34.0,491.0,336.0,1.0
2019.0,Green Bay Packers,5.0,0.75,0.0,Dallas Cowboys,0.75,1.0,34.0,24.0,335.0,563.0,0.0
2019.0,Minnesota Vikings,8.0,0.7142857142857140,1.0,Washington Redskins,0.14285714285714300,1.0,19.0,9.0,434.0,216.0,1.0
2019.0,Minnesota Vikings,9.0,0.75,0.0,Kansas City Chiefs,0.625,0.0,23.0,26.0,308.0,377.0,0.0
2019.0,Detroit Lions,13.0,0.2727272727272730,1.0,Chicago Bears,0.45454545454545500,0.0,20.0,24.0,364.0,419.0,1.0
2019.0,Detroit Lions,14.0,0.2727272727272730,0.0,Minnesota Vikings,0.6666666666666670,0.0,7.0,20.0,231.0,354.0,0.0
2019.0,New Orleans Saints,13.0,0.8181818181818180,0.0,Atlanta Falcons,0.2727272727272730,1.0,26.0,18.0,279.0,348.0,1.0
2019.0,New Orleans Saints,14.0,0.8333333333333330,1.0,San Francisco 49ers,0.8333333333333330,0.0,46.0,48.0,465.0,516.0,0.0
2019.0,Atlanta Falcons,13.0,0.2727272727272730,1.0,New Orleans Saints,0.8181818181818180,0.0,18.0,26.0,348.0,279.0,1.0
2019.0,Atlanta Falcons,14.0,0.25,1.0,Carolina Panthers,0.4166666666666670,1.0,40.0,20.0,461.0,345.0,0.0
2019.0,Tampa Bay Buccaneers,2.0,0.0,0.0,Carolina Panthers,0.0,1.0,20.0,14.0,289.0,352.0,1.0
2019.0,Tampa Bay Buccaneers,3.0,0.5,1.0,New York Giants,0.0,0.0,31.0,32.0,499.0,384.0,0.0
2019.0,Carolina Panthers,2.0,0.0,1.0,Tampa Bay Buccaneers,0.0,0.0,14.0,20.0,352.0,289.0,1.0
2019.0,Carolina Panthers,3.0,0.0,0.0,Arizona Cardinals,0.0,1.0,38.0,20.0,413.0,248.0,0.0
2019.0,San Francisco 49ers,9.0,1.0,0.0,Arizona Cardinals,0.375,1.0,28.0,25.0,411.0,357.0,1.0
2019.0,San Francisco 49ers,10.0,1.0,1.0,Seattle Seahawks,0.7777777777777780,0.0,24.0,27.0,302.0,336.0,0.0
2019.0,Seattle Seahawks,5.0,0.75,1.0,Los Angeles Rams,0.75,1.0,30.0,29.0,429.0,477.0,1.0
2019.0,Seattle Seahawks,6.0,0.8,0.0,Cleveland Browns,0.4,1.0,32.0,28.0,454.0,406.0,0.0
2019.0,Los Angeles Rams,5.0,0.75,0.0,Seattle Seahawks,0.75,0.0,29.0,30.0,477.0,429.0,1.0
2019.0,Los Angeles Rams,6.0,0.6,1.0,San Francisco 49ers,1.0,0.0,7.0,20.0,157.0,331.0,0.0
2019.0,Arizona Cardinals,9.0,0.375,1.0,San Francisco 49ers,1.0,0.0,25.0,28.0,357.0,411.0,1.0
2019.0,Arizona Cardinals,10.0,0.375,0.0,Tampa Bay Buccaneers,0.25,0.0,27.0,30.0,417.0,457.0,0.0
2021.0,Buffalo Bills,12.0,0.6,0.0,New Orleans Saints,0.5,1.0,31.0,6.0,361.0,190.0,1.0
2021.0,Buffalo Bills,13.0,0.6363636363636360,1.0,New England Patriots,0.6666666666666670,0.0,10.0,14.0,230.0,241.0,0.0
2021.0,New England Patriots,11.0,0.6,0.0,Atlanta Falcons,0.4444444444444440,1.0,25.0,0.0,308.0,165.0,1.0
2021.0,New England Patriots,12.0,0.6363636363636360,1.0,Tennessee Titans,0.7272727272727270,1.0,36.0,13.0,394.0,355.0,0.0
2021.0,Miami Dolphins,10.0,0.2222222222222220,1.0,Baltimore Ravens,0.75,1.0,22.0,10.0,350.0,304.0,1.0
2021.0,Miami Dolphins,11.0,0.3,0.0,New York Jets,0.2222222222222220,1.0,24.0,17.0,388.0,380.0,0.0
2021.0,New York Jets,9.0,0.2857142857142860,0.0,Indianapolis Colts,0.375,0.0,30.0,45.0,486.0,532.0,1.0
2021.0,New York Jets,10.0,0.25,1.0,Buffalo Bills,0.625,0.0,17.0,45.0,366.0,489.0,0.0
2021.0,Cincinnati Bengals,4.0,0.6666666666666670,1.0,Jacksonville Jaguars,0.0,1.0,24.0,21.0,420.0,341.0,1.0
2021.0,Cincinnati Bengals,5.0,0.75,1.0,Green Bay Packers,0.75,0.0,22.0,25.0,367.0,466.0,0.0
2021.0,Pittsburgh Steelers,14.0,0.5,0.0,Minnesota Vikings,0.4166666666666670,0.0,28.0,36.0,375.0,458.0,1.0
2021.0,Pittsburgh Steelers,15.0,0.5,1.0,Tennessee Titans,0.6923076923076920,1.0,19.0,13.0,168.0,318.0,0.0
2021.0,Cleveland Browns,7.0,0.5,1.0,Denver Broncos,0.5,1.0,17.0,14.0,376.0,223.0,1.0
2021.0,Cleveland Browns,8.0,0.5714285714285710,1.0,Pittsburgh Steelers,0.5,0.0,10.0,15.0,306.0,370.0,0.0
2021.0,Baltimore Ravens,10.0,0.75,0.0,Miami Dolphins,0.2222222222222220,0.0,10.0,22.0,304.0,350.0,1.0
2021.0,Baltimore Ravens,11.0,0.6666666666666670,0.0,Chicago Bears,0.3333333333333330,1.0,16.0,13.0,299.0,353.0,0.0
2021.0,Tennessee Titans,16.0,0.6428571428571430,1.0,San Francisco 49ers,0.5714285714285710,1.0,20.0,17.0,278.0,389.0,1.0
2021.0,Tennessee Titans,17.0,0.6666666666666670,1.0,Miami Dolphins,0.5333333333333330,1.0,34.0,3.0,308.0,256.0,0.0
2021.0,Indianapolis Colts,9.0,0.375,1.0,New York Jets,0.2857142857142860,1.0,45.0,30.0,532.0,486.0,1.0
2021.0,Indianapolis Colts,10.0,0.4444444444444440,1.0,Jacksonville Jaguars,0.25,1.0,23.0,17.0,295.0,331.0,0.0
2021.0,Houston Texans,3.0,0.5,1.0,Carolina Panthers,1.0,0.0,9.0,24.0,193.0,407.0,1.0
2021.0,Houston Texans,4.0,0.3333333333333330,0.0,Buffalo Bills,0.6666666666666670,0.0,0.0,40.0,109.0,450.0,0.0
2021.0,Jacksonville Jaguars,4.0,0.0,0.0,Cincinnati Bengals,0.6666666666666670,0.0,21.0,24.0,341.0,420.0,1.0
2021.0,Jacksonville Jaguars,5.0,0.0,1.0,Tennessee Titans,0.5,0.0,19.0,37.0,454.0,368.0,0.0
2021.0,Kansas City Chiefs,15.0,0.6923076923076920,0.0,Los Angeles Chargers,0.6153846153846150,1.0,34.0,28.0,496.0,428.0,1.0
2021.0,Kansas City Chiefs,16.0,0.7142857142857140,1.0,Pittsburgh Steelers,0.5,1.0,36.0,10.0,381.0,303.0,0.0
2021.0,Las Vegas Raiders,12.0,0.5,0.0,Dallas Cowboys,0.7,1.0,36.0,33.0,509.0,437.0,1.0
2021.0,Las Vegas Raiders,13.0,0.5454545454545450,1.0,Washington Football Team,0.45454545454545500,0.0,15.0,17.0,310.0,298.0,0.0
2021.0,Los Angeles Chargers,15.0,0.6153846153846150,1.0,Kansas City Chiefs,0.6923076923076920,0.0,28.0,34.0,428.0,496.0,1.0
2021.0,Los Angeles Chargers,16.0,0.5714285714285710,0.0,Houston Texans,0.21428571428571400,0.0,29.0,41.0,417.0,437.0,0.0
2021.0,Denver Broncos,7.0,0.5,0.0,Cleveland Browns,0.5,0.0,14.0,17.0,223.0,376.0,1.0
2021.0,Denver Broncos,8.0,0.42857142857142900,1.0,Washington Football Team,0.2857142857142860,1.0,17.0,10.0,273.0,342.0,0.0
2021.0,Philadelphia Eagles,6.0,0.4,1.0,Tampa Bay Buccaneers,0.8,0.0,22.0,28.0,213.0,399.0,1.0
2021.0,Philadelphia Eagles,7.0,0.3333333333333330,0.0,Las Vegas Raiders,0.6666666666666670,0.0,22.0,33.0,358.0,442.0,0.0
2021.0,Washington Football Team,2.0,0.0,1.0,New York Giants,0.0,1.0,30.0,29.0,407.0,391.0,1.0
2021.0,Washington Football Team,3.0,0.5,0.0,Buffalo Bills,0.5,0.0,21.0,43.0,290.0,481.0,0.0
2021.0,New York Giants,2.0,0.0,0.0,Washington Football Team,0.0,0.0,29.0,30.0,391.0,407.0,1.0
2021.0,New York Giants,3.0,0.0,1.0,Atlanta Falcons,0.0,0.0,14.0,17.0,346.0,296.0,0.0
2021.0,Green Bay Packers,8.0,0.8571428571428570,0.0,Arizona Cardinals,1.0,1.0,24.0,21.0,335.0,334.0,1.0
2021.0,Green Bay Packers,9.0,0.875,0.0,Kansas City Chiefs,0.5,0.0,7.0,13.0,301.0,237.0,0.0
2021.0,Minnesota Vikings,14.0,0.4166666666666670,1.0,Pittsburgh Steelers,0.5,1.0,36.0,28.0,458.0,375.0,1.0
2021.0,Minnesota Vikings,15.0,0.46153846153846200,0.0,Chicago Bears,0.3076923076923080,1.0,17.0,9.0,193.0,370.0,0.0
2021.0,Chicago Bears,12.0,0.3,0.0,Detroit Lions,0.0,1.0,16.0,14.0,378.0,239.0,1.0
2021.0,Chicago Bears,13.0,0.36363636363636400,1.0,Arizona Cardinals,0.8181818181818180,0.0,22.0,33.0,329.0,257.0,0.0
2021.0,Detroit Lions,12.0,0.0,1.0,Chicago Bears,0.3,0.0,14.0,16.0,239.0,378.0,1.0
2021.0,Detroit Lions,13.0,0.0,1.0,Minnesota Vikings,0.45454545454545500,1.0,29.0,27.0,372.0,426.0,0.0
2021.0,Tampa Bay Buccaneers,6.0,0.8,0.0,Philadelphia Eagles,0.4,1.0,28.0,22.0,399.0,213.0,1.0
2021.0,Tampa Bay Buccaneers,7.0,0.8333333333333330,1.0,Chicago Bears,0.5,1.0,38.0,3.0,408.0,311.0,0.0
2021.0,Atlanta Falcons,11.0,0.4444444444444440,1.0,New England Patriots,0.6,0.0,0.0,25.0,165.0,308.0,1.0
2021.0,Atlanta Falcons,12.0,0.4,0.0,Jacksonville Jaguars,0.2,1.0,21.0,14.0,332.0,357.0,0.0
2021.0,Carolina Panthers,3.0,1.0,0.0,Houston Texans,0.5,1.0,24.0,9.0,407.0,193.0,1.0
2021.0,Carolina Panthers,4.0,1.0,0.0,Dallas Cowboys,0.6666666666666670,0.0,28.0,36.0,379.0,433.0,0.0
2021.0,Los Angeles Rams,5.0,0.75,0.0,Seattle Seahawks,0.5,1.0,26.0,17.0,476.0,354.0,1.0
2021.0,Los Angeles Rams,6.0,0.8,0.0,New York Giants,0.2,1.0,38.0,11.0,365.0,261.0,0.0
2021.0,Arizona Cardinals,8.0,1.0,1.0,Green Bay Packers,0.8571428571428570,0.0,21.0,24.0,334.0,335.0,1.0
2021.0,Arizona Cardinals,9.0,0.875,0.0,San Francisco 49ers,0.42857142857142900,1.0,31.0,17.0,437.0,337.0,0.0
2021.0,San Francisco 49ers,16.0,0.5714285714285710,0.0,Tennessee Titans,0.6428571428571430,0.0,17.0,20.0,389.0,278.0,1.0
2021.0,San Francisco 49ers,17.0,0.5333333333333330,1.0,Houston Texans,0.26666666666666700,1.0,23.0,7.0,416.0,222.0,0.0
2021.0,Seattle Seahawks,5.0,0.5,1.0,Los Angeles Rams,0.75,0.0,17.0,26.0,354.0,476.0,1.0
2021.0,Seattle Seahawks,6.0,0.4,0.0,Pittsburgh Steelers,0.4,0.0,20.0,23.0,309.0,345.0,0.0
2022.0,Miami Dolphins,4.0,1.0,0.0,Cincinnati Bengals,0.3333333333333330,0.0,15.0,27.0,378.0,371.0,1.0
2022.0,Miami Dolphins,5.0,0.75,0.0,New York Jets,0.5,0.0,17.0,40.0,295.0,322.0,0.0
2022.0,New York Jets,16.0,0.5,1.0,Jacksonville Jaguars,0.42857142857142900,0.0,3.0,19.0,227.0,365.0,1.0
2022.0,New York Jets,17.0,0.4666666666666670,0.0,Seattle Seahawks,0.4666666666666670,0.0,6.0,23.0,279.0,346.0,0.0
2022.0,Cincinnati Bengals,4.0,0.3333333333333330,1.0,Miami Dolphins,1.0,1.0,27.0,15.0,371.0,378.0,1.0
2022.0,Cincinnati Bengals,5.0,0.5,0.0,Baltimore Ravens,0.5,0.0,17.0,19.0,291.0,325.0,0.0
2022.0,Baltimore Ravens,8.0,0.5714285714285710,0.0,Tampa Bay Buccaneers,0.42857142857142900,1.0,27.0,22.0,453.0,349.0,1.0
2022.0,Baltimore Ravens,9.0,0.625,0.0,New Orleans Saints,0.375,1.0,27.0,13.0,319.0,243.0,0.0
2022.0,Pittsburgh Steelers,3.0,0.5,0.0,Cleveland Browns,0.5,0.0,17.0,29.0,308.0,376.0,1.0
2022.0,Pittsburgh Steelers,4.0,0.3333333333333330,1.0,New York Jets,0.3333333333333330,0.0,20.0,24.0,297.0,348.0,0.0
2022.0,Cleveland Browns,3.0,0.5,1.0,Pittsburgh Steelers,0.5,1.0,29.0,17.0,376.0,308.0,1.0
2022.0,Cleveland Browns,4.0,0.6666666666666670,0.0,Atlanta Falcons,0.3333333333333330,0.0,20.0,23.0,403.0,333.0,0.0
2022.0,Jacksonville Jaguars,16.0,0.42857142857142900,0.0,New York Jets,0.5,1.0,19.0,3.0,365.0,227.0,1.0
2022.0,Jacksonville Jaguars,17.0,0.4666666666666670,0.0,Houston Texans,0.13333333333333300,1.0,31.0,3.0,337.0,277.0,0.0
2022.0,Tennessee Titans,11.0,0.6666666666666670,0.0,Green Bay Packers,0.4,1.0,27.0,17.0,408.0,271.0,1.0
2022.0,Tennessee Titans,12.0,0.7,1.0,Cincinnati Bengals,0.6,0.0,16.0,20.0,344.0,374.0,0.0
2022.0,Indianapolis Colts,5.0,0.25,0.0,Denver Broncos,0.5,1.0,12.0,9.0,306.0,375.0,1.0
2022.0,Indianapolis Colts,6.0,0.5,1.0,Jacksonville Jaguars,0.4,1.0,34.0,27.0,434.0,379.0,0.0
2022.0,Houston Texans,9.0,0.14285714285714300,1.0,Philadelphia Eagles,1.0,0.0,17.0,29.0,303.0,360.0,1.0
2022.0,Houston Texans,10.0,0.14285714285714300,0.0,New York Giants,0.75,0.0,16.0,24.0,387.0,367.0,0.0
2022.0,Kansas City Chiefs,2.0,1.0,1.0,Los Angeles Chargers,1.0,1.0,27.0,24.0,319.0,401.0,1.0
2022.0,Kansas City Chiefs,3.0,1.0,0.0,Indianapolis Colts,0.0,0.0,17.0,20.0,315.0,259.0,0.0
2022.0,Los Angeles Chargers,2.0,1.0,0.0,Kansas City Chiefs,1.0,0.0,24.0,27.0,401.0,319.0,1.0
2022.0,Los Angeles Chargers,3.0,0.5,1.0,Jacksonville Jaguars,0.5,0.0,10.0,38.0,312.0,413.0,0.0
2022.0,Las Vegas Raiders,14.0,0.4166666666666670,0.0,Los Angeles Rams,0.25,0.0,16.0,17.0,302.0,282.0,1.0
2022.0,Las Vegas Raiders,15.0,0.38461538461538500,1.0,New England Patriots,0.5384615384615380,1.0,30.0,24.0,308.0,318.0,0.0
2022.0,Denver Broncos,5.0,0.5,1.0,Indianapolis Colts,0.25,0.0,9.0,12.0,375.0,306.0,1.0
2022.0,Denver Broncos,6.0,0.4,0.0,Los Angeles Chargers,0.6,0.0,16.0,19.0,258.0,297.0,0.0
2022.0,Philadelphia Eagles,9.0,1.0,0.0,Houston Texans,0.14285714285714300,1.0,29.0,17.0,360.0,303.0,1.0
2022.0,Philadelphia Eagles,10.0,1.0,1.0,Washington Commanders,0.4444444444444440,0.0,21.0,32.0,264.0,330.0,0.0
2022.0,Dallas Cowboys,12.0,0.7,1.0,New York Giants,0.7,1.0,28.0,20.0,430.0,300.0,1.0
2022.0,Dallas Cowboys,13.0,0.7272727272727270,1.0,Indianapolis Colts,0.3333333333333330,1.0,54.0,19.0,385.0,309.0,0.0
2022.0,Dallas Cowboys,17.0,0.7333333333333330,0.0,Tennessee Titans,0.4666666666666670,1.0,27.0,13.0,361.0,317.0,1.0
2022.0,Dallas Cowboys,18.0,0.75,0.0,Washington Commanders,0.4375,0.0,6.0,26.0,182.0,309.0,0.0
2022.0,New York Giants,12.0,0.7,0.0,Dallas Cowboys,0.7,0.0,20.0,28.0,300.0,430.0,1.0
2022.0,New York Giants,13.0,0.6363636363636360,1.0,Washington Commanders,0.5833333333333330,0.0,20.0,20.0,316.0,411.0,0.0
2022.0,Washington Commanders,6.0,0.2,0.0,Chicago Bears,0.4,1.0,12.0,7.0,214.0,391.0,1.0
2022.0,Washington Commanders,7.0,0.3333333333333330,1.0,Green Bay Packers,0.5,1.0,23.0,21.0,364.0,232.0,0.0
2022.0,Minnesota Vikings,12.0,0.8,1.0,New England Patriots,0.6,1.0,33.0,26.0,358.0,409.0,1.0
2022.0,Minnesota Vikings,13.0,0.8181818181818180,1.0,New York Jets,0.6363636363636360,1.0,27.0,22.0,287.0,486.0,0.0
2022.0,Detroit Lions,12.0,0.4,1.0,Buffalo Bills,0.7,0.0,25.0,28.0,326.0,401.0,1.0
2022.0,Detroit Lions,13.0,0.36363636363636400,1.0,Jacksonville Jaguars,0.36363636363636400,1.0,40.0,14.0,437.0,266.0,0.0
2022.0,Green Bay Packers,11.0,0.4,1.0,Tennessee Titans,0.6666666666666670,0.0,17.0,27.0,271.0,408.0,1.0
2022.0,Green Bay Packers,12.0,0.36363636363636400,0.0,Philadelphia Eagles,0.9,0.0,33.0,40.0,342.0,500.0,0.0
2022.0,Chicago Bears,6.0,0.4,1.0,Washington Commanders,0.2,0.0,7.0,12.0,391.0,214.0,1.0
2022.0,Chicago Bears,7.0,0.3333333333333330,0.0,New England Patriots,0.5,1.0,33.0,14.0,390.0,260.0,0.0
2022.0,Tampa Bay Buccaneers,8.0,0.42857142857142900,1.0,Baltimore Ravens,0.5714285714285710,0.0,22.0,27.0,349.0,453.0,1.0
2022.0,Tampa Bay Buccaneers,9.0,0.375,1.0,Los Angeles Rams,0.42857142857142900,1.0,16.0,13.0,323.0,206.0,0.0
2022.0,Carolina Panthers,10.0,0.2222222222222220,1.0,Atlanta Falcons,0.4444444444444440,1.0,25.0,15.0,333.0,291.0,1.0
2022.0,Carolina Panthers,11.0,0.3,0.0,Baltimore Ravens,0.6666666666666670,0.0,3.0,13.0,205.0,308.0,0.0
2022.0,New Orleans Saints,7.0,0.3333333333333330,0.0,Arizona Cardinals,0.3333333333333330,0.0,34.0,42.0,494.0,326.0,1.0
2022.0,New Orleans Saints,8.0,0.2857142857142860,1.0,Las Vegas Raiders,0.3333333333333330,1.0,24.0,0.0,367.0,183.0,0.0
2022.0,Atlanta Falcons,10.0,0.4444444444444440,0.0,Carolina Panthers,0.2222222222222220,0.0,15.0,25.0,291.0,333.0,1.0
2022.0,Atlanta Falcons,11.0,0.4,1.0,Chicago Bears,0.3,1.0,27.0,24.0,280.0,288.0,0.0
2022.0,San Francisco 49ers,15.0,0.6923076923076920,0.0,Seattle Seahawks,0.5384615384615380,1.0,21.0,13.0,381.0,277.0,1.0
2022.0,San Francisco 49ers,16.0,0.7142857142857140,1.0,Washington Commanders,0.5,1.0,37.0,20.0,371.0,349.0,0.0
2022.0,Seattle Seahawks,15.0,0.5384615384615380,1.0,San Francisco 49ers,0.6923076923076920,0.0,13.0,21.0,277.0,381.0,1.0
2022.0,Seattle Seahawks,16.0,0.5,0.0,Kansas City Chiefs,0.7857142857142860,0.0,10.0,24.0,333.0,297.0,0.0
2022.0,Los Angeles Rams,14.0,0.25,1.0,Las Vegas Raiders,0.4166666666666670,1.0,17.0,16.0,282.0,302.0,1.0
2022.0,Los Angeles Rams,15.0,0.3076923076923080,0.0,Green Bay Packers,0.38461538461538500,0.0,12.0,24.0,156.0,345.0,0.0
2022.0,Arizona Cardinals,7.0,0.3333333333333330,1.0,New Orleans Saints,0.3333333333333330,1.0,42.0,34.0,326.0,494.0,1.0
2022.0,Arizona Cardinals,8.0,0.42857142857142900,0.0,Minnesota Vikings,0.8333333333333330,0.0,26.0,34.0,375.0,381.0,0.0